,Name,Tweets Ago,Tweet,Compound,Positive,Negative,Neutral,Date
0,BBC,1,"RT @BBCRadio2: It may be cold outside, but @BBCOne's Christmas moment has made us feel all warm inside. üòç

(@jowhiley @OreOduba @tonyblackb‚Ä¶",0.3291,0.105,0.0,0.895,Sat Dec 02 21:59:04 +0000 2017
1,BBC,2,"You might be carrying a pathogen right now. üò±‚ò£

Find out about outbreaks in the latest @TWBBC podcast episode üëâ‚Ä¶ https://t.co/IOVXZAVNWW",0.0,0.0,0.0,1.0,Sat Dec 02 20:00:05 +0000 2017
2,BBC,3,RT @BBCLookEast: Buddy and his new best bud from @SuffolkPolice are reunited in time for Christmas. ‚ù§Ô∏è #HurricaneIrma https://t.co/gZJ73bIL‚Ä¶,0.6369,0.189,0.0,0.811,Sat Dec 02 19:57:21 +0000 2017
3,BBC,4,"RT @BBCSport: FT Arsenal 1-3 Man Utd

Quite simply the game of the season.

Absolutely bonkers.
üëâ https://t.co/KcWELiLlbu #ARSMUN https://t‚Ä¶",0.0,0.0,0.0,1.0,Sat Dec 02 19:49:59 +0000 2017
4,BBC,5,RT @bbcstrictly: Breathtaking! There's just enough room to swing a cat in the #Strictly Ballroom tonight... üòª @thedebbiemcgee @pernicegiova‚Ä¶,0.5093,0.171,0.0,0.829,Sat Dec 02 19:48:25 +0000 2017
5,BBC,6,Andy's doctor told him to spend time outdoors to help tackle his depression. He did something which he says saved h‚Ä¶ https://t.co/5tgoeoTn5l,0.2023,0.195,0.131,0.674,Sat Dec 02 19:30:03 +0000 2017
6,BBC,7,"Is body positivity encouraging us to be unhealthy?
Via BBC Minute. https://t.co/UcuWAuy0vc",0.5106,0.351,0.178,0.471,Sat Dec 02 18:30:02 +0000 2017
7,BBC,8,6 Hollywood A-listers reveal the secrets behind their iconic movies. üé¨‚ú® https://t.co/SGR5TBluI9 https://t.co/N0iBf0EIc2,0.0,0.0,0.0,1.0,Sat Dec 02 18:02:04 +0000 2017
8,BBC,9,A free-riding fox surprised sightseers on a London tour bus this week. ü¶ä üá¨üáß https://t.co/eIvAXH6jsD https://t.co/AxwIoHub8F,0.2263,0.137,0.0,0.863,Sat Dec 02 17:30:05 +0000 2017
9,BBC,10,It's cold out there! Why not warm up with one of these hearty hotpots for dinner? ü•ò https://t.co/K6TbxWxZ7O https://t.co/ipPd81IwLi,-0.2401,0.0,0.103,0.897,Sat Dec 02 16:33:03 +0000 2017
10,BBC,11,"Is Japan's tattoo art being driven underground?
Via @BBCWorldService. https://t.co/d2HVFMJWGn",0.0,0.0,0.0,1.0,Sat Dec 02 16:00:03 +0000 2017
11,BBC,12,Have you seen it yet? üòç¬†Here's everything you need to know about @BBCOne Christmas 2017 | The Supporting Act:‚Ä¶ https://t.co/bgG4D9nsDx,0.4404,0.139,0.0,0.861,Sat Dec 02 15:05:11 +0000 2017
12,BBC,13,Has the sexual harassment controversy hit children's books? üìñ https://t.co/zenZmsSWRp https://t.co/1HZvziL90K,-0.5423,0.0,0.28,0.72,Sat Dec 02 15:00:05 +0000 2017
13,BBC,14,RT @bbcstories: Errol‚Äôs a mechanic and prostate cancer survivor. Now he‚Äôs dedicated to getting as many other men diagnosed as he can. What‚Ä¶,0.0258,0.19,0.152,0.657,Sat Dec 02 14:53:58 +0000 2017
14,BBC,15,"RT @BBCOne: ‚ö°Ô∏è ""I'm not crying, YOU'RE crying!"" Your reactions to BBC One Christmas 2017 | The Supporting Act:

https://t.co/F4Z0wKKKyr htt‚Ä¶",0.6952,0.242,0.0,0.758,Sat Dec 02 14:52:52 +0000 2017
15,BBC,16,"RT @BBCSportWales: Fancy watching #WALvRSA with Sir Gareth Edwards?

He'll be on the @BBCSportWales Facebook page this afternoon, taking yo‚Ä¶",0.0,0.0,0.0,1.0,Sat Dec 02 14:52:22 +0000 2017
16,BBC,17,"RT @bbcweather: The pictures we post usually reflect the day's weather. So far, the best we can do here is that the weather is 'dry, like t‚Ä¶",0.7884,0.218,0.0,0.782,Sat Dec 02 14:51:55 +0000 2017
17,BBC,18,üéÑüéÅ Rip Off Britain give some tips on how to get the best value out of Christmas. https://t.co/94H9R3Cfkp,0.765,0.292,0.0,0.708,Sat Dec 02 14:30:04 +0000 2017
18,BBC,19,RT @bbcthree: The moving story of the woman without a womb who's fostered 48 children https://t.co/IOZVs96wBU,0.0,0.0,0.0,1.0,Sat Dec 02 13:47:35 +0000 2017
19,BBC,20,"Bands, denim and leather. ü§ò Photographer Dan Giannopoulos's latest project is all about battle jackets.‚Ä¶ https://t.co/9uERudOzdD",-0.3818,0.0,0.157,0.843,Sat Dec 02 13:33:03 +0000 2017
20,BBC,21,"RT @BBCRadio2: It may be cold outside, but @BBCOne's Christmas moment has made us feel all warm inside. üòç

(@jowhiley @OreOduba @tonyblackb‚Ä¶",0.3291,0.105,0.0,0.895,Sat Dec 02 21:59:04 +0000 2017
21,BBC,22,"You might be carrying a pathogen right now. üò±‚ò£

Find out about outbreaks in the latest @TWBBC podcast episode üëâ‚Ä¶ https://t.co/IOVXZAVNWW",0.0,0.0,0.0,1.0,Sat Dec 02 20:00:05 +0000 2017
22,BBC,23,RT @BBCLookEast: Buddy and his new best bud from @SuffolkPolice are reunited in time for Christmas. ‚ù§Ô∏è #HurricaneIrma https://t.co/gZJ73bIL‚Ä¶,0.6369,0.189,0.0,0.811,Sat Dec 02 19:57:21 +0000 2017
23,BBC,24,"RT @BBCSport: FT Arsenal 1-3 Man Utd

Quite simply the game of the season.

Absolutely bonkers.
üëâ https://t.co/KcWELiLlbu #ARSMUN https://t‚Ä¶",0.0,0.0,0.0,1.0,Sat Dec 02 19:49:59 +0000 2017
24,BBC,25,RT @bbcstrictly: Breathtaking! There's just enough room to swing a cat in the #Strictly Ballroom tonight... üòª @thedebbiemcgee @pernicegiova‚Ä¶,0.5093,0.171,0.0,0.829,Sat Dec 02 19:48:25 +0000 2017
25,BBC,26,Andy's doctor told him to spend time outdoors to help tackle his depression. He did something which he says saved h‚Ä¶ https://t.co/5tgoeoTn5l,0.2023,0.195,0.131,0.674,Sat Dec 02 19:30:03 +0000 2017
26,BBC,27,"Is body positivity encouraging us to be unhealthy?
Via BBC Minute. https://t.co/UcuWAuy0vc",0.5106,0.351,0.178,0.471,Sat Dec 02 18:30:02 +0000 2017
27,BBC,28,6 Hollywood A-listers reveal the secrets behind their iconic movies. üé¨‚ú® https://t.co/SGR5TBluI9 https://t.co/N0iBf0EIc2,0.0,0.0,0.0,1.0,Sat Dec 02 18:02:04 +0000 2017
28,BBC,29,A free-riding fox surprised sightseers on a London tour bus this week. ü¶ä üá¨üáß https://t.co/eIvAXH6jsD https://t.co/AxwIoHub8F,0.2263,0.137,0.0,0.863,Sat Dec 02 17:30:05 +0000 2017
29,BBC,30,It's cold out there! Why not warm up with one of these hearty hotpots for dinner? ü•ò https://t.co/K6TbxWxZ7O https://t.co/ipPd81IwLi,-0.2401,0.0,0.103,0.897,Sat Dec 02 16:33:03 +0000 2017
30,BBC,31,"Is Japan's tattoo art being driven underground?
Via @BBCWorldService. https://t.co/d2HVFMJWGn",0.0,0.0,0.0,1.0,Sat Dec 02 16:00:03 +0000 2017
31,BBC,32,Have you seen it yet? üòç¬†Here's everything you need to know about @BBCOne Christmas 2017 | The Supporting Act:‚Ä¶ https://t.co/bgG4D9nsDx,0.4404,0.139,0.0,0.861,Sat Dec 02 15:05:11 +0000 2017
32,BBC,33,Has the sexual harassment controversy hit children's books? üìñ https://t.co/zenZmsSWRp https://t.co/1HZvziL90K,-0.5423,0.0,0.28,0.72,Sat Dec 02 15:00:05 +0000 2017
33,BBC,34,RT @bbcstories: Errol‚Äôs a mechanic and prostate cancer survivor. Now he‚Äôs dedicated to getting as many other men diagnosed as he can. What‚Ä¶,0.0258,0.19,0.152,0.657,Sat Dec 02 14:53:58 +0000 2017
34,BBC,35,"RT @BBCOne: ‚ö°Ô∏è ""I'm not crying, YOU'RE crying!"" Your reactions to BBC One Christmas 2017 | The Supporting Act:

https://t.co/F4Z0wKKKyr htt‚Ä¶",0.6952,0.242,0.0,0.758,Sat Dec 02 14:52:52 +0000 2017
35,BBC,36,"RT @BBCSportWales: Fancy watching #WALvRSA with Sir Gareth Edwards?

He'll be on the @BBCSportWales Facebook page this afternoon, taking yo‚Ä¶",0.0,0.0,0.0,1.0,Sat Dec 02 14:52:22 +0000 2017
36,BBC,37,"RT @bbcweather: The pictures we post usually reflect the day's weather. So far, the best we can do here is that the weather is 'dry, like t‚Ä¶",0.7884,0.218,0.0,0.782,Sat Dec 02 14:51:55 +0000 2017
37,BBC,38,üéÑüéÅ Rip Off Britain give some tips on how to get the best value out of Christmas. https://t.co/94H9R3Cfkp,0.765,0.292,0.0,0.708,Sat Dec 02 14:30:04 +0000 2017
38,BBC,39,RT @bbcthree: The moving story of the woman without a womb who's fostered 48 children https://t.co/IOZVs96wBU,0.0,0.0,0.0,1.0,Sat Dec 02 13:47:35 +0000 2017
39,BBC,40,"Bands, denim and leather. ü§ò Photographer Dan Giannopoulos's latest project is all about battle jackets.‚Ä¶ https://t.co/9uERudOzdD",-0.3818,0.0,0.157,0.843,Sat Dec 02 13:33:03 +0000 2017
40,BBC,41,This man is heading into the sky in a homemade rocket to prove his theory that the Earth is flat. üöÄ üåé‚Ä¶ https://t.co/MQYN5PD7w9,0.0,0.0,0.0,1.0,Sat Dec 02 13:03:03 +0000 2017
41,BBC,42,'Generation Me' or 'Generation We'? ü§≥ Psychologists debate whether millennials are narcissistic or not.‚Ä¶ https://t.co/lomjZlqcBB,0.0,0.0,0.0,1.0,Sat Dec 02 12:33:04 +0000 2017
42,BBC,43,"After Scottie had a cycling accident, it was his desire to dance with Katie again that helped him back on his feet.‚Ä¶ https://t.co/XZx2RStXJl",-0.1027,0.105,0.12,0.775,Sat Dec 02 12:00:07 +0000 2017
43,BBC,44,RT @BBCOne: Christmas together on BBC One. ‚ú® https://t.co/BIN6O1fROw,0.0,0.0,0.0,1.0,Sat Dec 02 11:24:49 +0000 2017
44,BBC,45,"100 years ago, the Bolsheviks captured the entirety of Tsar Nicholas II‚Äôs family gold reserve ‚Äì or so they thought.‚Ä¶ https://t.co/663KFRfz1N",0.0,0.0,0.0,1.0,Sat Dec 02 11:00:08 +0000 2017
45,BBC,46,"Apostrophes. They cause more arguments than weddings, christenings &amp; funerals combined. 

Can you select the correc‚Ä¶ https://t.co/SziSkUnUsS",-0.6801,0.0,0.272,0.728,Sat Dec 02 10:30:06 +0000 2017
46,BBC,47,"'Learning a new language is great. It's an opportunity to speak to new people.' 
Richard is a hyperpolyglot &amp; speak‚Ä¶ https://t.co/0eFrqwXiso",0.7845,0.289,0.0,0.711,Sat Dec 02 10:00:03 +0000 2017
47,BBC,48,Are we more easily offended than ever before? üò≥ https://t.co/whWan4hme1 https://t.co/q8XXgK10Ct,0.1065,0.208,0.176,0.617,Sat Dec 02 09:04:04 +0000 2017
48,BBC,49,"From chatting to your child to playing outdoors, here are 10 tips for building a baby's brain. #MumTakeover üë∂üçºüåø‚Ä¶ https://t.co/9SCG37jLXa",0.2023,0.091,0.0,0.909,Sat Dec 02 08:33:04 +0000 2017
49,BBC,50,üìª üí¨ Why apologising and saying 'just' might actually be a good idea. https://t.co/O7udV2QymZ https://t.co/AFyjl514cA,0.4767,0.291,0.0,0.709,Sat Dec 02 08:05:04 +0000 2017
50,BBC,51,Millions of unmarried couples who live together could be unaware of their rights if the relationship breaks down. üè†‚Ä¶ https://t.co/G8cRkp85dV,-0.2023,0.0,0.087,0.913,Sat Dec 02 07:34:05 +0000 2017
51,BBC,52,"Former Nazi leader, Ingo Hasselbach has developed a system in Germany to fight extremism.
Via BBC World Hacks. https://t.co/VTbEfmUGvk",-0.3818,0.0,0.133,0.867,Fri Dec 01 19:00:02 +0000 2017
52,BBC,53,ü•ëüëÆ The avocado police protecting Mexico's green gold. https://t.co/nY6VtkGxtA https://t.co/UBmnrbTzTH,0.0,0.0,0.0,1.0,Fri Dec 01 18:30:09 +0000 2017
53,BBC,54,"When @LoyleCarner met his all-time hero Eric Cantona. ‚ù§Ô∏èÔ∏è Watch The Premier League Show, here. üëâ‚Ä¶ https://t.co/NQDq5uxKkS",0.5574,0.184,0.0,0.816,Fri Dec 01 18:01:03 +0000 2017
54,BBC,55,"'I‚Äôve learnt for the first time in years to accept my skin.' 
Could ‚Äòacne positivity‚Äô help you to love your spots?‚Ä¶ https://t.co/J1PLYHNzMO",0.8591,0.333,0.0,0.667,Fri Dec 01 17:30:09 +0000 2017
55,BBC,56,"RT @BBCEarth: With a drone, his friends and a wheelchair, @jaimenhudson can fly
#OurBluePlanet #BluePlanet2 https://t.co/zM2p9ZnwbR",0.4767,0.193,0.0,0.807,Fri Dec 01 17:18:28 +0000 2017
56,BBC,57,All dressed up and heading out on a Friday night like... üëë üíÖ #FridayFeeling #BluePlanet2 https://t.co/mmJxVP7Hjy,0.0,0.0,0.0,1.0,Fri Dec 01 17:06:02 +0000 2017
57,BBC,58,"Who's excited for @PalomaFaith to host #SLFN tonight? 

WE ARE!

7.30pm | @BBCOne | https://t.co/JXdFw7Flfy https://t.co/x7kyc96jZb",0.4003,0.172,0.0,0.828,Fri Dec 01 16:30:03 +0000 2017
58,BBC,59,"Coming up on @BBCFour this Christmas; Eric, Ernie &amp; Me, La Boh√®me, Elvis and more! ‚õÑÔ∏è üé∂ üåü https://t.co/lALkwMP6Th https://t.co/wL6oIRaUVc",0.0,0.0,0.0,1.0,Fri Dec 01 16:03:06 +0000 2017
59,BBC,60,üî¨ üéß @brittwray &amp; @elliecosgrave discuss how close we are to the next pandemic in episode 5 of the @TWBBC podcast. üëâ‚Ä¶ https://t.co/zksLmMErzC,0.0,0.0,0.0,1.0,Fri Dec 01 15:31:05 +0000 2017
60,BBC,61,"Today is the first day of winter - or is it? ‚ùÑ
Working out exactly when autumn finishes &amp; winter begins isn't as si‚Ä¶ https://t.co/8qhmrtHUFX",0.0,0.0,0.0,1.0,Fri Dec 01 14:59:04 +0000 2017
61,BBC,62,"On #WorldAIDSDay, @RiyadhK looks at some iconic 80s advertising from the safe sex campaign stressing the importance‚Ä¶ https://t.co/4IaLF5gWY2",0.1027,0.136,0.117,0.748,Fri Dec 01 14:28:33 +0000 2017
62,BBC,63,"'For the ear, he (Elvis) is an unutterable bore.' ~ @NYTimes.
üò¨ 7 times music critics got things completely wrong.‚Ä¶ https://t.co/8ETpF9UMXD",-0.296,0.0,0.115,0.885,Fri Dec 01 14:00:07 +0000 2017
63,BBC,64,"With drug-resistant superbugs on the rise, scientists are searching for new antibiotics in exotic and extreme place‚Ä¶ https://t.co/zwgK11WqUJ",0.0,0.0,0.0,1.0,Fri Dec 01 13:31:02 +0000 2017
64,BBC,65,"'Cows always find time for extra-curricular activities.' üêÆ
Nine udderly fascinating facts about cows. üëâ‚Ä¶ https://t.co/5CluNT3eYN",0.5423,0.2,0.0,0.8,Fri Dec 01 13:00:08 +0000 2017
65,BBC,66,"The apocalypse smells like racism. üòÇ
#QI via @BBCTwo. 
Watch on @BBCiPlayer. üëâ https://t.co/8GlsOYI8Ej https://t.co/qf2XCUaENY",-0.3818,0.142,0.233,0.625,Fri Dec 01 12:30:03 +0000 2017
66,BBC,67,"RT @BBCSpringwatch: Three wise men? 
Not quite, but we do have three ADORABLE long-eared owls in the Autumnwatch advent calendar üòç https://‚Ä¶",0.8151,0.282,0.0,0.718,Fri Dec 01 12:18:09 +0000 2017
67,BBC,68,You're the man @BrandonFlowers. üëè üé∂ üåü We're still loving @thekillers' performance from #SLFN Via @BBCMusic https://t.co/4q9sdosZjG,0.5994,0.231,0.0,0.769,Fri Dec 01 12:03:01 +0000 2017
68,BBC,69,"Go crab, go! ü¶Ä üêç üêô
#BluePlanet2 via @BBCEarth.

Coasts | Sunday 8PM | @BBCOne. https://t.co/vazOWtmE7U",0.0,0.0,0.0,1.0,Fri Dec 01 11:34:46 +0000 2017
69,BBC,70,"It's #WorldCupDraw day! üôå

Whichever country you land on will be your second team at the #WorldCup (unless they‚Äôre‚Ä¶ https://t.co/Kns3zUZ2KG",0.0,0.0,0.0,1.0,Fri Dec 01 11:02:10 +0000 2017
70,BBC,71,"RT @bbcthree: 45% of burglaries are committed by heroin and crack users. 
This is the story behind of one of them. #Drugsland https://t.co/‚Ä¶",-0.2732,0.08,0.122,0.798,Fri Dec 01 10:34:22 +0000 2017
71,BBC,72,"BBC RemArc, a tool to trigger memories in people with dementia using archive material, has won the @AlzheimersSoc D‚Ä¶ https://t.co/qjHjcboEtr",0.5719,0.171,0.0,0.829,Fri Dec 01 10:30:07 +0000 2017
72,BBC,73,"Mary Berry's got the perfect no-hassle soup for cold nights. üç≤üòã
#CountryHouseSecrets via @BBCFood. 
Full recipe her‚Ä¶ https://t.co/hRuSme1z3f",0.5719,0.179,0.0,0.821,Fri Dec 01 10:00:05 +0000 2017
73,BBC,74,"RT @bbccomedy: Yep, this guy knows what women want... üëå @HaveIGotNews @StephenMangan https://t.co/mYPUSwEH6X",0.296,0.167,0.0,0.833,Fri Dec 01 09:44:25 +0000 2017
74,BBC,75,Advent calendars are back! Why not wash down your chocolate breakfast with a festive Christmas smoothie? üçä üéÑ Via‚Ä¶ https://t.co/AxWzJw6tto,0.5093,0.171,0.0,0.829,Fri Dec 01 09:02:06 +0000 2017
75,BBC,76,"RT @BBCSpringwatch: Today is the first day of winter - or is it? 
https://t.co/Z1EhZvY3B8 https://t.co/MhRY6AmfjM",0.0,0.0,0.0,1.0,Fri Dec 01 08:44:23 +0000 2017
76,BBC,77,"RT @bbcthree: ""Some boys can marry boys, and some girls can marry girls.""

3 kids take on relationships. https://t.co/jpivtYs73H",0.0,0.0,0.0,1.0,Fri Dec 01 08:44:13 +0000 2017
77,BBC,78,RT @BBCWthrWatchers: Happy #MeteorologicalWinter! https://t.co/TafPMdAsiO,0.6114,0.499,0.0,0.501,Fri Dec 01 08:43:21 +0000 2017
78,BBC,79,"RT @BBC_Teach: Rosa Parks' brave refusal to give up her bus seat took place #onthisday in 1955.

Your Primary pupils can find out about her‚Ä¶",0.5267,0.124,0.0,0.876,Fri Dec 01 08:43:18 +0000 2017
79,BBC,80,RT @BBCiPlayer: üòâ Mood board.  #TommyShelby https://t.co/nuDTKGKFyy,0.0,0.0,0.0,1.0,Fri Dec 01 08:43:08 +0000 2017
80,BBC,81,"If all animals had the rational thinking &amp; self-awareness that humans do, our species (&amp; the planet) would be in fo‚Ä¶ https://t.co/HDLTAM9XZO",0.0,0.0,0.0,1.0,Fri Dec 01 08:40:03 +0000 2017
81,BBC,82,How Marianne Faithfull became the wide-eye poster girl for the swinging 60s. ‚òÆ‚úåÔ∏è https://t.co/PLDthOlCbf https://t.co/nGcaq50zhp,0.0,0.0,0.0,1.0,Fri Dec 01 08:20:04 +0000 2017
82,BBC,83,"Isaiah Acosta was born without a jaw. But that hasn't stopped him becoming a rapper, with some help from‚Ä¶ https://t.co/tRZk2rxqZ9",0.5213,0.214,0.0,0.786,Fri Dec 01 08:00:06 +0000 2017
83,BBC,84,üíé‚òÑ The German town encrusted with diamonds. https://t.co/KSrdi3nk4R https://t.co/6ysALAE3zF,0.0,0.0,0.0,1.0,Fri Dec 01 07:38:05 +0000 2017
84,BBC,85,The twin Voyager space probes have beamed revolutionary information for 40 years. #Storyville The Farthest: Voyager‚Ä¶ https://t.co/QPMfkVcIkw,0.0,0.0,0.0,1.0,Thu Nov 30 20:35:05 +0000 2017
85,BBC,86,Host @SaraPascoe introduces @LarryDeanComedy and @GaryDelaney to the stage. #LiveAtTheApollo. 10pm on @BBCTwo. üåü ü§£‚Ä¶ https://t.co/htdXbDaBet,0.0,0.0,0.0,1.0,Thu Nov 30 20:02:03 +0000 2017
86,BBC,87,When your birthday falls on the same day as #StAndrewsDay üòÇ Via @BBCTheSocial https://t.co/ULr3DAJRdk,0.0,0.0,0.0,1.0,Thu Nov 30 19:33:02 +0000 2017
87,BBC,88,"üöÄüåç To mark the launch of a free-to-download BBC VR project, 3 astronauts give us their impressions of floating abov‚Ä¶ https://t.co/HWiW3BSJzm",0.2263,0.095,0.0,0.905,Thu Nov 30 19:00:08 +0000 2017
88,BBC,89,What a duo! We still can't get over @CraigDavid and @BastilleDan's performance of #IKnowYou on #SLFN. üëè üé∂ üíû Via‚Ä¶ https://t.co/0j5ZxKPgWq,0.0,0.0,0.0,1.0,Thu Nov 30 18:33:03 +0000 2017
89,BBC,90,üéû‚ù§Ô∏èÔ∏è Debbie Reynolds and Carrie Fisher - Hollywood's greatest couple. https://t.co/D2I3S0LAZt https://t.co/gJcLDusupa,0.6369,0.296,0.0,0.704,Thu Nov 30 18:00:13 +0000 2017
90,BBC,91,Mel Gibson's impression of Sean Connery is incredible. üòÇ Via @BBCOne. https://t.co/a020G1KXkJ,0.2263,0.16,0.0,0.84,Thu Nov 30 17:27:05 +0000 2017
91,BBC,92,"Castles, colours and Christmas lights - these are your pictures of Scotland from last week. üì∏üòç‚Ä¶ https://t.co/YVnZH93DWh",0.0,0.0,0.0,1.0,Thu Nov 30 17:00:18 +0000 2017
92,BBC,93,"RT @bbc5live: Happy 20th birthday to the World Football Phone-In! üéÇ

@dotunadebayo will be joined by an audience of fans and special guests‚Ä¶",0.7712,0.251,0.0,0.749,Thu Nov 30 16:46:25 +0000 2017
93,BBC,94,Celebrate #StAndrewsDay with Mary Berry's classic Cranachan recipe. üç® https://t.co/kJ7f44shyE https://t.co/Oqs8UnJrmK,0.5719,0.291,0.0,0.709,Thu Nov 30 16:32:03 +0000 2017
94,BBC,95,RT @BBCNews: Charities see increase in dogs being dumped or sent to rescue centres as Christmas approaches https://t.co/D7zgMkNz4l,0.7269,0.345,0.106,0.549,Thu Nov 30 16:25:30 +0000 2017
95,BBC,96,RT @BBCTwo: The emotional moment this Blitz survivor reads an essay he wrote 75 years ago... üò¢ #Blitz https://t.co/YMYL9QvJes,0.4767,0.204,0.0,0.796,Thu Nov 30 16:25:14 +0000 2017
96,BBC,97,RT @bbcweather: Walking in a winter wonderland... A few chilly-looking scenes posted by our Weather Watchers earlier. Jo #SnowWatch https:/‚Ä¶,0.0,0.0,0.0,1.0,Thu Nov 30 16:25:02 +0000 2017
97,BBC,98,RT @bbcweather: Wondering if it will #snow where you are later? Here's a snapshot of the forecast from 6pm through to early tomorrow. Jo #S‚Ä¶,0.0,0.0,0.0,1.0,Thu Nov 30 16:23:02 +0000 2017
98,BBC,99,RT @bbcpress: Divine! First look at John Hamm in @BBCTwo's #GoodOmens: https://t.co/FurO7z8wi3 https://t.co/lQqVQgxxSF,0.5983,0.245,0.0,0.755,Thu Nov 30 16:22:48 +0000 2017
99,BBC,100,"üçæ‚ú®üì∫ This year, Christmas treats on @BBCTwo include Nigella Lawson, The League of Gentlemen, Alan Partridge and Joan‚Ä¶ https://t.co/UxRFn5ctrA",0.0,0.0,0.0,1.0,Thu Nov 30 16:02:14 +0000 2017
100,CNN,1,Critics react to President Trump's tweet on firing Michael Flynn https://t.co/3NhuOrRFLF https://t.co/MfEHcYYBXo,-0.5574,0.0,0.315,0.685,Sun Dec 03 01:45:05 +0000 2017
101,CNN,2,Donald Trump's family denied its German heritage for years https://t.co/S2y0erGYwA https://t.co/iICmoEScZQ,-0.4404,0.0,0.225,0.775,Sun Dec 03 01:30:18 +0000 2017
102,CNN,3,Elon Musk plans to send his Tesla Roadster to Mars on a giant rocket https://t.co/BjKhRKh4t3 https://t.co/VBFZxhIRCH,0.0,0.0,0.0,1.0,Sun Dec 03 01:15:08 +0000 2017
103,CNN,4,Could brands save millions and help preserve the environment just by slightly changing their logos to use less ink?‚Ä¶ https://t.co/ADC0mcdoTZ,0.7096,0.247,0.0,0.753,Sun Dec 03 01:00:15 +0000 2017
104,CNN,5,"National security adviser HR McMaster says that the potential for war with North Korea is ""increasing every day""‚Ä¶ https://t.co/xaiFCiyJov",-0.3612,0.103,0.167,0.73,Sun Dec 03 00:58:24 +0000 2017
105,CNN,6,Mikaela Shiffrin scores her first downhill podium in Lake Louise https://t.co/Uw9ZQkEwKq https://t.co/pWduQio66Q,0.0,0.0,0.0,1.0,Sun Dec 03 00:45:04 +0000 2017
106,CNN,7,"RT @cnnbrk: Authorities believe they have found the body of Mariah Woods, a 3-year-old North Carolina girl missing since Sunday, the FBI sa‚Ä¶",-0.296,0.0,0.095,0.905,Sun Dec 03 00:34:42 +0000 2017
107,CNN,8,The first time these mothers see their sons' bodies up close after officer-involved shootings isn't in a hospital o‚Ä¶ https://t.co/Epa3YboHdU,0.0,0.0,0.0,1.0,Sun Dec 03 00:30:21 +0000 2017
108,CNN,9,"Flynn may be the bait, but he's no coffee boy, Laura Coates writes for @CNNOpinion https://t.co/iCW450kseI https://t.co/JgQzv8A678",-0.4215,0.0,0.149,0.851,Sun Dec 03 00:15:11 +0000 2017
109,CNN,10,President Trump will hold a campaign-style rally near Alabama days before the state's special election for US Senat‚Ä¶ https://t.co/yhz435QHTy,0.4019,0.137,0.0,0.863,Sun Dec 03 00:00:15 +0000 2017
110,CNN,11,"Vermont senior tested ricin recipe on retirement community, feds say https://t.co/EpUB9blW09 https://t.co/ikTVyXUHrU",0.0,0.0,0.0,1.0,Sat Dec 02 23:45:06 +0000 2017
111,CNN,12,RT @CNNMoney: ABC News announced Saturday that it has suspended investigative reporter Brian Ross for four weeks without pay after Ross was‚Ä¶,-0.4222,0.053,0.127,0.82,Sat Dec 02 23:35:02 +0000 2017
112,CNN,13,"Muslim father accused in custody battle of radicalizing son, court documents say https://t.co/5zMSMQipul https://t.co/AVDYuAegbz",-0.5859,0.0,0.286,0.714,Sat Dec 02 23:30:11 +0000 2017
113,CNN,14,Glitch forces iPhones to reboot over and over https://t.co/54KKMOup23 https://t.co/1qMWdPVCYM,0.0,0.0,0.0,1.0,Sat Dec 02 23:15:04 +0000 2017
114,CNN,15,"Tom Hanks talks Trump, Hollywood &amp; history with CNN‚Äôs David Axelrod. The Axe Files with David Axelrod airs Saturday‚Ä¶ https://t.co/VeScTikjCk",-0.1027,0.0,0.069,0.931,Sat Dec 02 23:00:16 +0000 2017
115,CNN,16,Voyager 1 spacecraft thrusters fired up for first time since 1980 https://t.co/o1sczzzMmU https://t.co/ZnzkKAVSVP,-0.5574,0.0,0.247,0.753,Sat Dec 02 22:45:06 +0000 2017
116,CNN,17,How all but one Republican senator found a way to pass tax reform https://t.co/SMQWjO1xrk https://t.co/WO4xymJq7v,0.0,0.0,0.0,1.0,Sat Dec 02 22:30:06 +0000 2017
117,CNN,18,FBI agent removed from special counsel Robert Mueller's investigation over anti-Trump messages‚Ä¶ https://t.co/7wAYCs0IeW,0.4019,0.184,0.0,0.816,Sat Dec 02 22:15:07 +0000 2017
118,CNN,19,US official says North Korea's new intercontinental ballistic missile likely broke up upon re-entry‚Ä¶ https://t.co/tu4dwWDlcf,-0.4215,0.0,0.167,0.833,Sat Dec 02 22:00:05 +0000 2017
119,CNN,20,Democratic campaign arm calls on congressman to resign following harassment allegation https://t.co/7nBfnQeoop https://t.co/xALSYCZvqF,-0.7096,0.0,0.349,0.651,Sat Dec 02 21:45:05 +0000 2017
120,CNN,21,Critics react to President Trump's tweet on firing Michael Flynn https://t.co/3NhuOrRFLF https://t.co/MfEHcYYBXo,-0.5574,0.0,0.315,0.685,Sun Dec 03 01:45:05 +0000 2017
121,CNN,22,Donald Trump's family denied its German heritage for years https://t.co/S2y0erGYwA https://t.co/iICmoEScZQ,-0.4404,0.0,0.225,0.775,Sun Dec 03 01:30:18 +0000 2017
122,CNN,23,Elon Musk plans to send his Tesla Roadster to Mars on a giant rocket https://t.co/BjKhRKh4t3 https://t.co/VBFZxhIRCH,0.0,0.0,0.0,1.0,Sun Dec 03 01:15:08 +0000 2017
123,CNN,24,Could brands save millions and help preserve the environment just by slightly changing their logos to use less ink?‚Ä¶ https://t.co/ADC0mcdoTZ,0.7096,0.247,0.0,0.753,Sun Dec 03 01:00:15 +0000 2017
124,CNN,25,"National security adviser HR McMaster says that the potential for war with North Korea is ""increasing every day""‚Ä¶ https://t.co/xaiFCiyJov",-0.3612,0.103,0.167,0.73,Sun Dec 03 00:58:24 +0000 2017
125,CNN,26,Mikaela Shiffrin scores her first downhill podium in Lake Louise https://t.co/Uw9ZQkEwKq https://t.co/pWduQio66Q,0.0,0.0,0.0,1.0,Sun Dec 03 00:45:04 +0000 2017
126,CNN,27,"RT @cnnbrk: Authorities believe they have found the body of Mariah Woods, a 3-year-old North Carolina girl missing since Sunday, the FBI sa‚Ä¶",-0.296,0.0,0.095,0.905,Sun Dec 03 00:34:42 +0000 2017
127,CNN,28,The first time these mothers see their sons' bodies up close after officer-involved shootings isn't in a hospital o‚Ä¶ https://t.co/Epa3YboHdU,0.0,0.0,0.0,1.0,Sun Dec 03 00:30:21 +0000 2017
128,CNN,29,"Flynn may be the bait, but he's no coffee boy, Laura Coates writes for @CNNOpinion https://t.co/iCW450kseI https://t.co/JgQzv8A678",-0.4215,0.0,0.149,0.851,Sun Dec 03 00:15:11 +0000 2017
129,CNN,30,President Trump will hold a campaign-style rally near Alabama days before the state's special election for US Senat‚Ä¶ https://t.co/yhz435QHTy,0.4019,0.137,0.0,0.863,Sun Dec 03 00:00:15 +0000 2017
130,CNN,31,"Vermont senior tested ricin recipe on retirement community, feds say https://t.co/EpUB9blW09 https://t.co/ikTVyXUHrU",0.0,0.0,0.0,1.0,Sat Dec 02 23:45:06 +0000 2017
131,CNN,32,RT @CNNMoney: ABC News announced Saturday that it has suspended investigative reporter Brian Ross for four weeks without pay after Ross was‚Ä¶,-0.4222,0.053,0.127,0.82,Sat Dec 02 23:35:02 +0000 2017
132,CNN,33,"Muslim father accused in custody battle of radicalizing son, court documents say https://t.co/5zMSMQipul https://t.co/AVDYuAegbz",-0.5859,0.0,0.286,0.714,Sat Dec 02 23:30:11 +0000 2017
133,CNN,34,Glitch forces iPhones to reboot over and over https://t.co/54KKMOup23 https://t.co/1qMWdPVCYM,0.0,0.0,0.0,1.0,Sat Dec 02 23:15:04 +0000 2017
134,CNN,35,"Tom Hanks talks Trump, Hollywood &amp; history with CNN‚Äôs David Axelrod. The Axe Files with David Axelrod airs Saturday‚Ä¶ https://t.co/VeScTikjCk",-0.1027,0.0,0.069,0.931,Sat Dec 02 23:00:16 +0000 2017
135,CNN,36,Voyager 1 spacecraft thrusters fired up for first time since 1980 https://t.co/o1sczzzMmU https://t.co/ZnzkKAVSVP,-0.5574,0.0,0.247,0.753,Sat Dec 02 22:45:06 +0000 2017
136,CNN,37,How all but one Republican senator found a way to pass tax reform https://t.co/SMQWjO1xrk https://t.co/WO4xymJq7v,0.0,0.0,0.0,1.0,Sat Dec 02 22:30:06 +0000 2017
137,CNN,38,FBI agent removed from special counsel Robert Mueller's investigation over anti-Trump messages‚Ä¶ https://t.co/7wAYCs0IeW,0.4019,0.184,0.0,0.816,Sat Dec 02 22:15:07 +0000 2017
138,CNN,39,US official says North Korea's new intercontinental ballistic missile likely broke up upon re-entry‚Ä¶ https://t.co/tu4dwWDlcf,-0.4215,0.0,0.167,0.833,Sat Dec 02 22:00:05 +0000 2017
139,CNN,40,Democratic campaign arm calls on congressman to resign following harassment allegation https://t.co/7nBfnQeoop https://t.co/xALSYCZvqF,-0.7096,0.0,0.349,0.651,Sat Dec 02 21:45:05 +0000 2017
140,CNN,41,Mom's boyfriend arrested as authorities say missing 3-year-old assumed dead https://t.co/NlfceoPn0I https://t.co/8pTDH4wf6B,-0.8625,0.0,0.516,0.484,Sat Dec 02 21:30:14 +0000 2017
141,CNN,42,Turkey targets assets of US witness who says Turkish President Recep Tayyip Erdogan is corrupt‚Ä¶ https://t.co/iN10Hipdk2,0.1779,0.102,0.0,0.898,Sat Dec 02 21:15:16 +0000 2017
142,CNN,43,Golf writer Michael Corcoran says then-citizen Donald Trump made a 'p-word' comment in 2000 https://t.co/9piT65pziY https://t.co/hR3WkX4oFr,0.0,0.0,0.0,1.0,Sat Dec 02 21:00:10 +0000 2017
143,CNN,44,Top defense attorney Mark O'Mara says it's 'horribly improper' for politicians to attack the criminal justice syste‚Ä¶ https://t.co/XWmYR50i2X,-0.6369,0.234,0.346,0.42,Sat Dec 02 20:45:51 +0000 2017
144,CNN,45,"RT @CNNnewsroom: Ex-Ethics Dir. Walter Shaub reacts to Trump's latest tweet: ""The President has just damaged his credibility significantly,‚Ä¶",-0.4404,0.0,0.139,0.861,Sat Dec 02 20:30:38 +0000 2017
145,CNN,46,Former Stanford University swimmer convicted of sexual assault asks for new trial https://t.co/GnF6laqQbU https://t.co/IHWiiEjmvY,-0.5859,0.0,0.226,0.774,Sat Dec 02 20:15:04 +0000 2017
146,CNN,47,Tom Hanks tells CNN's David Axelrod that President Trump's attacks on the press are concerning. The Axe Files with‚Ä¶ https://t.co/JYZXNkCBEw,-0.5106,0.0,0.193,0.807,Sat Dec 02 20:00:55 +0000 2017
147,CNN,48,Longtime Michigan congressman announces retirement https://t.co/pykQkbTkfL https://t.co/Uri5suh0wW,0.0,0.0,0.0,1.0,Sat Dec 02 19:45:12 +0000 2017
148,CNN,49,Police have taken down a man who opened fire at a California hospital https://t.co/nxqamcZRvs https://t.co/8K1Hiuj5CV,-0.34,0.0,0.167,0.833,Sat Dec 02 19:30:05 +0000 2017
149,CNN,50,State Deptment told to plan for potential protests after Jerusalem embassy announcement https://t.co/qUbIiI6mVZ https://t.co/oFwF0aXhRU,-0.2263,0.0,0.128,0.872,Sat Dec 02 19:15:10 +0000 2017
150,CNN,51,Sam Bird wins chaotic Formula E season opener in Hong Kong https://t.co/W9v21mTO1I https://t.co/RwwOYeoylY,0.128,0.219,0.189,0.592,Sat Dec 02 19:00:13 +0000 2017
151,CNN,52,Two Russian lawmakers dismiss Michael Flynn's guilty plea https://t.co/x1hZJ2yt53 https://t.co/NFKqWYFH7n,-0.4215,0.0,0.237,0.763,Sat Dec 02 18:45:09 +0000 2017
152,CNN,53,"With latest plea deal, Special Counsel Robert Mueller's investigation is closing in on President Trump‚Ä¶ https://t.co/KpHFc8hXfe",0.4019,0.153,0.0,0.847,Sat Dec 02 18:30:02 +0000 2017
153,CNN,54,This is how senators voted on the tax bill https://t.co/OixXyYsj2h https://t.co/zI3R6qmjjc,0.0,0.0,0.0,1.0,Sat Dec 02 18:15:03 +0000 2017
154,CNN,55,North Korea's Foreign Ministry says President Trump is 'begging for nuclear war' https://t.co/Hona6lE9QZ https://t.co/Sf31LRzB4x,-0.5994,0.0,0.231,0.769,Sat Dec 02 18:00:04 +0000 2017
155,CNN,56,Republicans just bet the entire 2018 election on an unpopular tax plan | Analysis by Chris Cillizza‚Ä¶ https://t.co/ek3cu1JEAW,0.0,0.0,0.0,1.0,Sat Dec 02 17:45:05 +0000 2017
156,CNN,57,Canada could make billions from legal pot https://t.co/aMizY9t0FC https://t.co/S1BlrQDxl6,0.128,0.158,0.0,0.842,Sat Dec 02 17:30:04 +0000 2017
157,CNN,58,Poll: Democrat Doug Jones closes gap with Republican Roy Moore in race for Alabama Senate seat‚Ä¶ https://t.co/VWmS50Si2J,0.0,0.0,0.0,1.0,Sat Dec 02 17:15:06 +0000 2017
158,CNN,59,CNN‚Äôs David Axelrod sits down with Academy Award-winning actor Tom Hanks. The Axe Files with David Axelrod airs Sat‚Ä¶ https://t.co/MnzDtDM3qC,-0.1027,0.0,0.069,0.931,Sat Dec 02 17:00:06 +0000 2017
159,CNN,60,US senators gear up for fight over Dodd-Frank rollback https://t.co/MFk3iYSgam,-0.3818,0.0,0.224,0.776,Sat Dec 02 16:45:07 +0000 2017
160,CNN,61,President Trump on Michael Flynn deal: 'There has been absolutely no collusion' https://t.co/FUx4Cf0vCF https://t.co/pIIlu7lNeA,-0.3597,0.0,0.161,0.839,Sat Dec 02 16:30:13 +0000 2017
161,CNN,62,"Florida teen found safe in New York with 27-year-old soccer coach, sheriff says https://t.co/Rhp75OeEAu https://t.co/FrVnENyrcP",0.4404,0.172,0.0,0.828,Sat Dec 02 16:15:05 +0000 2017
162,CNN,63,"After a fatal police shooting, this mom is haunted by shocking incisions all over her son's body #BeneathTheSkin‚Ä¶ https://t.co/KqNBJvffuK",-0.8519,0.0,0.383,0.617,Sat Dec 02 16:00:22 +0000 2017
163,CNN,64,Stakeholders line up on both sides of the religious liberty case in the US Supreme Court https://t.co/BDbzDhcOjM https://t.co/KErgcIqKgX,0.7906,0.304,0.0,0.696,Sat Dec 02 15:45:09 +0000 2017
164,CNN,65,Why Calfornia is wincing over Trump-backed health plan associations https://t.co/8EYi4mVpSD https://t.co/94GliD75N4,0.0,0.0,0.0,1.0,Sat Dec 02 15:27:52 +0000 2017
165,CNN,66,The world's biggest lithium ion battery has started delivering power in Australia. It uses wind and can power as ma‚Ä¶ https://t.co/B0TlpqgQvg,0.0,0.0,0.0,1.0,Sat Dec 02 15:00:30 +0000 2017
166,CNN,67,"RT @CNNPolitics: President Trump praises the passage of the Senate tax bill and looks ahead to conference committee: ""Something beautiful i‚Ä¶",0.8074,0.278,0.0,0.722,Sat Dec 02 14:55:33 +0000 2017
167,CNN,68,The first time these mothers see their sons' bodies up close after officer-involved shootings isn't in a hospital o‚Ä¶ https://t.co/iZyjU9nOhM,0.0,0.0,0.0,1.0,Sat Dec 02 14:45:04 +0000 2017
168,CNN,69,"Economist Arthur Laffer: The CBO is ""wrong,"" the Senate tax bill ""will spur economic growth"" and will not add $1.4‚Ä¶ https://t.co/mujQyHl6CF",0.3818,0.115,0.0,0.885,Sat Dec 02 14:38:05 +0000 2017
169,CNN,70,"This is one of thousands of giant sinkholes in Greenland, where water is draining through the ice sheet into the oc‚Ä¶ https://t.co/b1eVkIol9S",0.0,0.0,0.0,1.0,Sat Dec 02 14:30:51 +0000 2017
170,CNN,71,"Former federal prosecutor John Brownlee: Michael Flynn's credibility as a witness ""has been significantly damaged b‚Ä¶ https://t.co/JjnEQpJivK",-0.4404,0.0,0.162,0.838,Sat Dec 02 14:10:16 +0000 2017
171,CNN,72,"Former 49ers quarterback Colin Kaepernick has been named the recipient of Sports Illustrated's legacy award, which‚Ä¶ https://t.co/JpgasveNTw",0.5423,0.179,0.0,0.821,Sat Dec 02 14:00:18 +0000 2017
172,CNN,73,Shocking postmortem incisions on her son's body after he was fatally shot by police led this Chicago mom to ask CNN‚Ä¶ https://t.co/vWxNddGLg5,-0.7845,0.0,0.257,0.743,Sat Dec 02 13:40:08 +0000 2017
173,CNN,74,CNN journalists have risked their lives in the most dangerous places around the world so you know the truth‚Ä¶ https://t.co/R3F9YGHl5J,-0.6478,0.0,0.227,0.773,Sat Dec 02 13:29:03 +0000 2017
174,CNN,75,"Matt Lauer ""will not be paid past his last day of work,"" a senior NBC source says https://t.co/E0VcSNSUHS https://t.co/0LUMeTndUJ",0.0,0.0,0.0,1.0,Sat Dec 02 13:00:22 +0000 2017
175,CNN,76,"""Fat Leonard,"" the biggest corruption scandal in US Navy history, has tarnished the career of another admiral‚Ä¶ https://t.co/oL4bLB8gYS",-0.4404,0.0,0.146,0.854,Sat Dec 02 12:30:21 +0000 2017
176,CNN,77,Join hosts @andersoncooper &amp; @KellyRipa in just a few weeks to honor all this year's Top 10 #CNNHeroes! Vote now at‚Ä¶ https://t.co/WLhv3nvbW7,0.7574,0.294,0.0,0.706,Sat Dec 02 12:00:37 +0000 2017
177,CNN,78,Meltwater from Greenland is the biggest source of sea level rise in the world -- double that of Antarctica. See how‚Ä¶ https://t.co/sUxboTGGS4,0.0,0.0,0.0,1.0,Sat Dec 02 11:30:36 +0000 2017
178,CNN,79,"In Greenland, evidence of climate change is written in ice and stone https://t.co/rm0MjDsh2z https://t.co/zhs2wuObi3",0.0,0.0,0.0,1.0,Sat Dec 02 11:01:08 +0000 2017
179,CNN,80,This is how the tax bill would affect your household finances https://t.co/uzCyZCPSdF https://t.co/3bq0EzDh37,0.0,0.0,0.0,1.0,Sat Dec 02 10:30:21 +0000 2017
180,CNN,81,A Kremlin-linked troll is once again demonstrating how difficult it is for Twitter to police its own platform‚Ä¶ https://t.co/6KrUAw3he9,-0.3612,0.0,0.128,0.872,Sat Dec 02 10:00:21 +0000 2017
181,CNN,82,"The United Nations urges Libya to take ""urgent action"" over human slavery https://t.co/knx2rdt8SW https://t.co/aNoibaIeTq",-0.296,0.225,0.235,0.539,Sat Dec 02 09:30:15 +0000 2017
182,CNN,83,"You won't find studies in humans that prove chicken soup can fight a cold, but there's enough evidence to make it w‚Ä¶ https://t.co/liCtPng8mA",-0.2023,0.0,0.079,0.921,Sat Dec 02 09:00:27 +0000 2017
183,CNN,84,"Meet the 11-year-old who created a cheap device to test drinking water for lead, and won a $25,000 science prize‚Ä¶ https://t.co/Tfzvuyk9J4",0.6908,0.251,0.0,0.749,Sat Dec 02 08:29:07 +0000 2017
184,CNN,85,The one and only visible supermoon of 2017 will be observable to the entire world on December 3. Here's how to see‚Ä¶ https://t.co/1uxaRBVGaP,0.0,0.0,0.0,1.0,Sat Dec 02 08:00:15 +0000 2017
185,CNN,86,"The guy who took down President Trump's Twitter account says it was ""a mistake"" and that he actually admires Trump'‚Ä¶ https://t.co/Wz9f2qUdGg",0.0258,0.105,0.1,0.795,Sat Dec 02 07:30:06 +0000 2017
186,CNN,87,Senate passes its GOP tax reform bill with 51 votes after a day full of lawmakers making changes to bring enough me‚Ä¶ https://t.co/IChv44Xy0d,0.0,0.0,0.0,1.0,Sat Dec 02 07:09:54 +0000 2017
187,CNN,88,This video shows a man's final moments before he was fatally shot outside his home in Nashville. His son released t‚Ä¶ https://t.co/w0q8PL0fOU,-0.6369,0.0,0.174,0.826,Sat Dec 02 07:02:24 +0000 2017
188,CNN,89,President Trump has questioned the authenticity of the infamous ‚ÄúAccess Hollywood‚Äù tape in which he bragged about b‚Ä¶ https://t.co/noBeChbfF0,-0.1027,0.0,0.072,0.928,Sat Dec 02 06:30:14 +0000 2017
189,CNN,90,"Former Secretary of State Madeleine Albright believes the US is facing a ""national security emergency"" because of t‚Ä¶ https://t.co/euFlPDWFDp",-0.0516,0.114,0.124,0.762,Sat Dec 02 06:00:18 +0000 2017
190,CNN,91,Arby's is buying Buffalo Wild Wings for $2.9 billion https://t.co/ZRKFZ5YX0m https://t.co/NEluzZOZGB,0.0,0.0,0.0,1.0,Sat Dec 02 05:30:06 +0000 2017
191,CNN,92,Votes on amendments are underway with Senate Republicans set to pass a massive tax overhaul. The bill includes hand‚Ä¶ https://t.co/nFBbwMuFTa,0.0,0.0,0.0,1.0,Sat Dec 02 05:20:17 +0000 2017
192,CNN,93,Meltwater from Greenland is the biggest source of sea level rise in the world -- double that of Antarctica. See how‚Ä¶ https://t.co/vMStdSVXkR,0.0,0.0,0.0,1.0,Sat Dec 02 05:02:41 +0000 2017
193,CNN,94,"Jared Kushner is the very senior Trump team member who told Michael Flynn to contact the Russian ambassador, source‚Ä¶ https://t.co/csarkGg1s3",0.0,0.0,0.0,1.0,Sat Dec 02 04:30:07 +0000 2017
194,CNN,95,A man's tattoo left doctors debating whether to save his life https://t.co/8UnIwsGEBg https://t.co/LgYelybHGA,0.4939,0.225,0.0,0.775,Sat Dec 02 04:00:07 +0000 2017
195,CNN,96,Geraldo Rivera apologizes to Bette Midler after she accused him earlier this week of drugging and groping her in th‚Ä¶ https://t.co/JJ9zkY57Gk,0.0772,0.105,0.093,0.802,Sat Dec 02 03:30:22 +0000 2017
196,CNN,97,Police officer adopts homeless mother's opioid-addicted newborn https://t.co/zaXJeLox7b https://t.co/5GQPG1gZ0i,0.1779,0.175,0.0,0.825,Sat Dec 02 03:00:18 +0000 2017
197,CNN,98,Former President Obama met with the Dalai Lama in India on Friday https://t.co/qnMKlOyoIk https://t.co/QRFzCQQY4n,0.0,0.0,0.0,1.0,Sat Dec 02 02:50:05 +0000 2017
198,CNN,99,A McDonald's manager who gave police a loaded gun that led to the arrest of a suspect in a series of killings in Ta‚Ä¶ https://t.co/NUWbKkOrCw,-0.8885,0.0,0.404,0.596,Sat Dec 02 02:40:06 +0000 2017
199,CNN,100,"62 years ago, Rosa Parks stood up for civil rights by sitting down https://t.co/yDNl5AdgTd https://t.co/hmBrwwa8PJ",0.0,0.0,0.0,1.0,Sat Dec 02 02:30:06 +0000 2017
200,CBS,1,Stream Indiana at Michigan LIVE today at 12:30PM ET with a 1-month FREE trial of #CBSAllAccess. Just use promo code‚Ä¶ https://t.co/xRem3zSyEQ,0.6166,0.175,0.0,0.825,Sat Dec 02 15:55:39 +0000 2017
201,CBS,2,Kristin Chenoweth (@KChenoweth) explains why audiences still crave Carol Burnett! Don't miss The Carol Burnett 50th‚Ä¶ https://t.co/kM92NTtTfs,0.1867,0.098,0.0,0.902,Sat Dec 02 14:30:03 +0000 2017
202,CBS,3,"Catch up on this amazing lineup of music specials! Here's how to watch Bruno Mars: 24K Magic Live at the Apollo, Th‚Ä¶ https://t.co/Jit2CzZJCY",0.6996,0.179,0.0,0.821,Sat Dec 02 13:00:07 +0000 2017
203,CBS,4,Missed Bruno Mars: 24K Magic Live at the Apollo? Keep up! Watch the full show: https://t.co/itXpGB5gRm #BrunoMars https://t.co/8yyQlC1LML,-0.3595,0.0,0.128,0.872,Sat Dec 02 12:00:03 +0000 2017
204,CBS,5,Reminisce with these classic photos and get ready to relive the magic when The Carol Burnett 50th Anniversary Speci‚Ä¶ https://t.co/yJQEzCjoSA,0.3612,0.116,0.0,0.884,Fri Dec 01 22:43:05 +0000 2017
205,CBS,6,"RT @LivinBiblically: In the beginning, there was Chip. And lo! Chip had a revelation. #LivingBiblically is a new comedy premiering Monday,‚Ä¶",0.4199,0.134,0.0,0.866,Fri Dec 01 22:15:28 +0000 2017
206,CBS,7,"Discover these pro football stars' off-the-field talents in MVP: Most Valuable Performer, airing Jan 25 on CBS! Fin‚Ä¶ https://t.co/g8jSRW8mQf",0.7707,0.282,0.0,0.718,Fri Dec 01 21:00:12 +0000 2017
207,CBS,8,"Find out when #BigBrother celebrity edition, #AmazingRace, #Survivor, new drama @instinctcbs and new comedy‚Ä¶ https://t.co/4Psl74zcCB",0.0,0.0,0.0,1.0,Fri Dec 01 20:17:18 +0000 2017
208,CBS,9,Actress @BethBehrs explains why Carol Burnett is her hero! Celebrate her lasting influence with The Carol Burnett 5‚Ä¶ https://t.co/Lnt5P9jEu0,0.8221,0.309,0.0,0.691,Fri Dec 01 19:32:18 +0000 2017
209,CBS,10,"RT @instinctcbs: New drama #Instinct, starring @Alancumming, premieres Sunday, March 11 on @CBS! https://t.co/aaL0JXpqav",0.0,0.0,0.0,1.0,Fri Dec 01 18:40:34 +0000 2017
210,CBS,11,"RT @AmazingRaceCBS: On your marks... #AmazingRace returns Wednesday, January 3! https://t.co/XMSJSUymUZ",0.0,0.0,0.0,1.0,Fri Dec 01 18:16:37 +0000 2017
211,CBS,12,RT @CBSBigBrother: Mark. Your. Calendars. The celebrity edition of #BigBrother premieres February 7! https://t.co/nP3Do6jTwM,0.0,0.0,0.0,1.0,Fri Dec 01 18:10:11 +0000 2017
212,CBS,13,The Angels await you... catch up on the world's most celebrated fashion show now! Watch the full 2017‚Ä¶ https://t.co/xfYDbEzpfX,0.6893,0.251,0.0,0.749,Fri Dec 01 14:00:04 +0000 2017
213,CBS,14,"Comedy stars Amy Poehler, Bill Hader, @MayaRudolph &amp; @TraceeEllisRoss give the legendary Tarzan yell a try- but no‚Ä¶ https://t.co/lrrHE2f9Nv",0.1901,0.093,0.0,0.907,Fri Dec 01 12:00:03 +0000 2017
214,CBS,15,Action-adventure series 'Blood &amp; Treasure' has been picked up for broadcast in Summer 2019: https://t.co/gAjqbF5bYh https://t.co/3cTBH9AKFI,0.296,0.128,0.0,0.872,Fri Dec 01 01:31:30 +0000 2017
215,CBS,16,Carol Burnett visited @TheTalkCBS to discuss how she got her start in show business! Watch The Carol Burnett 50th A‚Ä¶ https://t.co/EyqmFWZHEC,0.0,0.0,0.0,1.0,Thu Nov 30 21:10:19 +0000 2017
216,CBS,17,"The world's most beloved fairy tales are reimagined as a dark &amp; twisted psychological thriller in ""Tell Me A Story,‚Ä¶ https://t.co/CytIswrRj1",0.6115,0.227,0.0,0.773,Thu Nov 30 20:54:39 +0000 2017
217,CBS,18,RT @RansomCBS: #Ransom star @luke_j_roberts on set in Budapest for Season 2! https://t.co/rgC5ylqSMp,0.0,0.0,0.0,1.0,Thu Nov 30 17:40:02 +0000 2017
218,CBS,19,Comic @JayLeno reflects on the major impression Carol Burnett left on him. Celebrate The Carol Burnett 50th Anniver‚Ä¶ https://t.co/PIakndHJt1,0.6808,0.248,0.0,0.752,Thu Nov 30 17:30:05 +0000 2017
219,CBS,20,"Watch #BrunoMars perform ""That's What I Like"" in Bruno Mars: 24K Magic Live at the Apollo: https://t.co/hAFcB9HpE3 https://t.co/I7ZWHdDYCP",0.3612,0.135,0.0,0.865,Thu Nov 30 15:00:05 +0000 2017
220,CBS,21,Stream Indiana at Michigan LIVE today at 12:30PM ET with a 1-month FREE trial of #CBSAllAccess. Just use promo code‚Ä¶ https://t.co/xRem3zSyEQ,0.6166,0.175,0.0,0.825,Sat Dec 02 15:55:39 +0000 2017
221,CBS,22,Kristin Chenoweth (@KChenoweth) explains why audiences still crave Carol Burnett! Don't miss The Carol Burnett 50th‚Ä¶ https://t.co/kM92NTtTfs,0.1867,0.098,0.0,0.902,Sat Dec 02 14:30:03 +0000 2017
222,CBS,23,"Catch up on this amazing lineup of music specials! Here's how to watch Bruno Mars: 24K Magic Live at the Apollo, Th‚Ä¶ https://t.co/Jit2CzZJCY",0.6996,0.179,0.0,0.821,Sat Dec 02 13:00:07 +0000 2017
223,CBS,24,Missed Bruno Mars: 24K Magic Live at the Apollo? Keep up! Watch the full show: https://t.co/itXpGB5gRm #BrunoMars https://t.co/8yyQlC1LML,-0.3595,0.0,0.128,0.872,Sat Dec 02 12:00:03 +0000 2017
224,CBS,25,Reminisce with these classic photos and get ready to relive the magic when The Carol Burnett 50th Anniversary Speci‚Ä¶ https://t.co/yJQEzCjoSA,0.3612,0.116,0.0,0.884,Fri Dec 01 22:43:05 +0000 2017
225,CBS,26,"RT @LivinBiblically: In the beginning, there was Chip. And lo! Chip had a revelation. #LivingBiblically is a new comedy premiering Monday,‚Ä¶",0.4199,0.134,0.0,0.866,Fri Dec 01 22:15:28 +0000 2017
226,CBS,27,"Discover these pro football stars' off-the-field talents in MVP: Most Valuable Performer, airing Jan 25 on CBS! Fin‚Ä¶ https://t.co/g8jSRW8mQf",0.7707,0.282,0.0,0.718,Fri Dec 01 21:00:12 +0000 2017
227,CBS,28,"Find out when #BigBrother celebrity edition, #AmazingRace, #Survivor, new drama @instinctcbs and new comedy‚Ä¶ https://t.co/4Psl74zcCB",0.0,0.0,0.0,1.0,Fri Dec 01 20:17:18 +0000 2017
228,CBS,29,Actress @BethBehrs explains why Carol Burnett is her hero! Celebrate her lasting influence with The Carol Burnett 5‚Ä¶ https://t.co/Lnt5P9jEu0,0.8221,0.309,0.0,0.691,Fri Dec 01 19:32:18 +0000 2017
229,CBS,30,"RT @instinctcbs: New drama #Instinct, starring @Alancumming, premieres Sunday, March 11 on @CBS! https://t.co/aaL0JXpqav",0.0,0.0,0.0,1.0,Fri Dec 01 18:40:34 +0000 2017
230,CBS,31,"RT @AmazingRaceCBS: On your marks... #AmazingRace returns Wednesday, January 3! https://t.co/XMSJSUymUZ",0.0,0.0,0.0,1.0,Fri Dec 01 18:16:37 +0000 2017
231,CBS,32,RT @CBSBigBrother: Mark. Your. Calendars. The celebrity edition of #BigBrother premieres February 7! https://t.co/nP3Do6jTwM,0.0,0.0,0.0,1.0,Fri Dec 01 18:10:11 +0000 2017
232,CBS,33,The Angels await you... catch up on the world's most celebrated fashion show now! Watch the full 2017‚Ä¶ https://t.co/xfYDbEzpfX,0.6893,0.251,0.0,0.749,Fri Dec 01 14:00:04 +0000 2017
233,CBS,34,"Comedy stars Amy Poehler, Bill Hader, @MayaRudolph &amp; @TraceeEllisRoss give the legendary Tarzan yell a try- but no‚Ä¶ https://t.co/lrrHE2f9Nv",0.1901,0.093,0.0,0.907,Fri Dec 01 12:00:03 +0000 2017
234,CBS,35,Action-adventure series 'Blood &amp; Treasure' has been picked up for broadcast in Summer 2019: https://t.co/gAjqbF5bYh https://t.co/3cTBH9AKFI,0.296,0.128,0.0,0.872,Fri Dec 01 01:31:30 +0000 2017
235,CBS,36,Carol Burnett visited @TheTalkCBS to discuss how she got her start in show business! Watch The Carol Burnett 50th A‚Ä¶ https://t.co/EyqmFWZHEC,0.0,0.0,0.0,1.0,Thu Nov 30 21:10:19 +0000 2017
236,CBS,37,"The world's most beloved fairy tales are reimagined as a dark &amp; twisted psychological thriller in ""Tell Me A Story,‚Ä¶ https://t.co/CytIswrRj1",0.6115,0.227,0.0,0.773,Thu Nov 30 20:54:39 +0000 2017
237,CBS,38,RT @RansomCBS: #Ransom star @luke_j_roberts on set in Budapest for Season 2! https://t.co/rgC5ylqSMp,0.0,0.0,0.0,1.0,Thu Nov 30 17:40:02 +0000 2017
238,CBS,39,Comic @JayLeno reflects on the major impression Carol Burnett left on him. Celebrate The Carol Burnett 50th Anniver‚Ä¶ https://t.co/PIakndHJt1,0.6808,0.248,0.0,0.752,Thu Nov 30 17:30:05 +0000 2017
239,CBS,40,"Watch #BrunoMars perform ""That's What I Like"" in Bruno Mars: 24K Magic Live at the Apollo: https://t.co/hAFcB9HpE3 https://t.co/I7ZWHdDYCP",0.3612,0.135,0.0,0.865,Thu Nov 30 15:00:05 +0000 2017
240,CBS,41,"Watch #BrunoMars perform ""24K Magic"" in Bruno Mars: 24K Magic Live at the Apollo: https://t.co/UgD4fC5cS6 https://t.co/iTGKJSbjwY",0.0,0.0,0.0,1.0,Thu Nov 30 12:00:03 +0000 2017
241,CBS,42,Missed Bruno Mars: 24K Magic Live at the Apollo Theater? Keep up! Watch the full show: https://t.co/itXpGB5gRm‚Ä¶ https://t.co/nkRMIUd2Df,-0.3595,0.0,0.128,0.872,Thu Nov 30 07:52:09 +0000 2017
242,CBS,43,RT @CWatkinsTV: That. Was. Amazing! #BrunoMars,0.6239,0.45,0.0,0.55,Thu Nov 30 04:09:55 +0000 2017
243,CBS,44,The stage is üî•üî• #BrunoMars https://t.co/nykrDH46Bs,0.0,0.0,0.0,1.0,Thu Nov 30 04:00:27 +0000 2017
244,CBS,45,RT @anitakearney65: I could watch this all night #Brunomars #BrunosTvSpecial so much fun to watch OMG,0.5542,0.204,0.0,0.796,Thu Nov 30 03:59:09 +0000 2017
245,CBS,46,Everybody put your hands up! #BrunoMars https://t.co/jU7NyttAqv,0.0,0.0,0.0,1.0,Thu Nov 30 03:55:37 +0000 2017
246,CBS,47,RT @Sara_nurse: My 2yr old niece heard @BrunoMars and is now up singing and dancing #BrunosTVSpecial #BrunoMars,0.0,0.0,0.0,1.0,Thu Nov 30 03:51:38 +0000 2017
247,CBS,48,"RT @AllieNY86: His voice is mesmerizing 
#BrunoMars",0.0,0.0,0.0,1.0,Thu Nov 30 03:44:54 +0000 2017
248,CBS,49,RT @BrunoMars: We love you MARY!!!! ‚ù§Ô∏è #BrunosTvSpecial,0.7482,0.434,0.0,0.566,Thu Nov 30 03:37:13 +0000 2017
249,CBS,50,RT @RDMichelleLNK: Loving a dose of #BrunoMars midweek. So amazing!,0.8513,0.542,0.0,0.458,Thu Nov 30 03:35:13 +0000 2017
250,CBS,51,We‚Äôre only halfway into the show. Get ready for more of your favorite #BrunoMars tunes! https://t.co/BJh0PeX864,0.7232,0.302,0.0,0.698,Thu Nov 30 03:33:32 +0000 2017
251,CBS,52,"When #BrunoMars tells you to pick up the phone, that‚Äôs exactly what you do. https://t.co/JZDS26h3lL",0.0,0.0,0.0,1.0,Thu Nov 30 03:23:03 +0000 2017
252,CBS,53,RT @MargoSlade: Best way to relax after a hard day of work watching #BrunoMars on #BrunosTVSpecial my heart is the happiest,0.8979,0.394,0.049,0.557,Thu Nov 30 03:11:31 +0000 2017
253,CBS,54,RT @Tiffany48184: Now that's how you open up a show!!!!! #BrunoMars,0.0,0.0,0.0,1.0,Thu Nov 30 03:09:54 +0000 2017
254,CBS,55,RT if you‚Äôre ready to party with #BrunoMars!! https://t.co/o4qQoKOzgH,0.6988,0.452,0.0,0.548,Thu Nov 30 03:07:20 +0000 2017
255,CBS,56,RT @BrunoMars: POP POP!!üí•üí• everyone tweet #BrunosTvSpecial! We on!!!! üçæ,0.0,0.0,0.0,1.0,Thu Nov 30 03:06:38 +0000 2017
256,CBS,57,RT @Queentassia14: Bruno Mars Live at the Apollo!!!! Yeah I have to wake up at like 4 am for work.... but it's worth it. #BrunoMars #Brunos‚Ä¶,0.7067,0.246,0.0,0.754,Thu Nov 30 03:03:15 +0000 2017
257,CBS,58,RT @asbstar30: BRUNO #BrunoMars,0.0,0.0,0.0,1.0,Thu Nov 30 03:02:34 +0000 2017
258,CBS,59,"Get on your feet, and prepare to dance. #BrunoMars is hitting the stage! https://t.co/yOyq8JlMZj",0.0,0.0,0.0,1.0,Thu Nov 30 02:59:59 +0000 2017
259,CBS,60,"Pop pop, it's showtime! Bruno Mars: 24K Magic Live at the Apollo starts at 10/9c on CBS, or try 1 month FREE of CBS‚Ä¶ https://t.co/cpCSYDKieM",0.6514,0.158,0.0,0.842,Thu Nov 30 02:45:03 +0000 2017
260,CBS,61,Calling all Bruno Mars' lovelies... don't miss Bruno Mars: 24K Magic Live at the Apollo tonight @ 10/9c on CBS &amp; CB‚Ä¶ https://t.co/nGOgukLMx9,0.1139,0.064,0.0,0.936,Thu Nov 30 00:06:05 +0000 2017
261,CBS,62,You'll treasure this special night with #BrunoMars! Find out how to watch Bruno Mars: 24K Magic Live at the Apollo‚Ä¶ https://t.co/qF2eRcJLSJ,0.6825,0.228,0.0,0.772,Wed Nov 29 23:20:13 +0000 2017
262,CBS,63,RT @BrunoMars: Ladies put your hoops on tonight! Fellas break out that good cologne! #BrunosTvSpecial is airing on @CBS! What y‚Äôall trynna‚Ä¶,0.5826,0.152,0.0,0.848,Wed Nov 29 23:15:24 +0000 2017
263,CBS,64,RT @YoungSheldon: Sheldon will do whatever it takes to get his hands on his own computer in tomorrow's all-new episode of #YoungSheldon! ht‚Ä¶,0.0,0.0,0.0,1.0,Wed Nov 29 23:14:57 +0000 2017
264,CBS,65,RT @survivorcbs: What drama will ensue on back-to-back episodes of #Survivor tonight? Watch a sneak peek now: https://t.co/LHcxyClSw1 https‚Ä¶,0.0,0.0,0.0,1.0,Wed Nov 29 23:13:40 +0000 2017
265,CBS,66,Discover every reason why #BrunoMars is 24K Magic! Watch Bruno Mars: 24K Magic Live at the Apollo tonight @ 10/9c o‚Ä¶ https://t.co/oaPjvl3rSW,0.0,0.0,0.0,1.0,Wed Nov 29 22:34:56 +0000 2017
266,CBS,67,Did you catch these tiny moments during the 2017 Victoria's Secret Fashion Show? Find out what you may have missed:‚Ä¶ https://t.co/IIyupot9uU,0.0,0.0,0.0,1.0,Wed Nov 29 21:07:33 +0000 2017
267,CBS,68,RT @funnyordie: Live! Watch Tim Meadows and Patrick Brammall of @NoActivityCBS play themselves in new 8-bit video game! https://t.co/nXCuHO‚Ä¶,0.4559,0.142,0.0,0.858,Wed Nov 29 20:41:13 +0000 2017
268,CBS,69,The 'Only Angel' @Harry_Styles saw last night were the ones on the runway! Watch him perform at the #VSFashionShow:‚Ä¶ https://t.co/na8GAiZwmS,0.0,0.0,0.0,1.0,Wed Nov 29 15:00:07 +0000 2017
269,CBS,70,This entire collection is drop-dead gorgeous. See all the most sizzling looks from the 2017 #VSFashionShow:‚Ä¶ https://t.co/zpTKXcm05r,0.6124,0.2,0.0,0.8,Wed Nov 29 12:00:06 +0000 2017
270,CBS,71,"Stars @Miguel, @Harry_Styles, @leslieodomjr &amp; more set the tone for a truly incredible show! Watch all the musical‚Ä¶ https://t.co/kmo4l3aGai",0.4926,0.158,0.0,0.842,Wed Nov 29 09:09:48 +0000 2017
271,CBS,72,Some of the best moments happen behind the scenes! Here's your backstage pass to the 2017 Victoria's Secret Fashion‚Ä¶ https://t.co/S8MpOnhC6b,0.6696,0.191,0.0,0.809,Wed Nov 29 08:39:05 +0000 2017
272,CBS,73,"From the sky-high heels to the jaw-dropping wings, these outfits are fashion goals! See all the best looks from the‚Ä¶ https://t.co/GnyZ8NnBYH",0.6696,0.183,0.0,0.817,Wed Nov 29 08:22:35 +0000 2017
273,CBS,74,Missed the world‚Äôs most celebrated fashion show? Catch up on your own time and watch the entire 2017 Victoria's Sec‚Ä¶ https://t.co/9OuYvHItzh,0.4201,0.158,0.087,0.754,Wed Nov 29 07:56:05 +0000 2017
274,CBS,75,"RT @VictoriasSecret: That‚Äôs a wrap on the 2017 #VSFashionShow!! BIG thanks to the Angels, the people of Shanghai &amp; YOU for watching! https:‚Ä¶",0.5826,0.152,0.0,0.848,Wed Nov 29 06:41:12 +0000 2017
275,CBS,76,Want to relive all of your favorite #VSFashionShow runway moments?  @GIPHY has you covered. https://t.co/mgfziAQR4c,0.5106,0.249,0.0,0.751,Wed Nov 29 04:13:05 +0000 2017
276,CBS,77,"RT @vannalovescats: Another successful show. I‚Äôm so proud of all of the beautiful ladies, they all did amazing. The musical guests were FAN‚Ä¶",0.9476,0.449,0.0,0.551,Wed Nov 29 04:02:16 +0000 2017
277,CBS,78,55 Models. 88 Looks. 1 FABULOUS Night. #VSFashionShow https://t.co/TmYqRjDRE5,0.6289,0.371,0.0,0.629,Wed Nov 29 04:00:58 +0000 2017
278,CBS,79,Two. Million. Dollar. Bra. üòÆ  #VSFashionShow https://t.co/4dp7RbMHlp,0.0,0.0,0.0,1.0,Wed Nov 29 03:57:07 +0000 2017
279,CBS,80,RT @exclvdes: HARRY SINGING ANGEL FOR THE ANGELS HAS ME CRYING #VSFashionShow,-0.5904,0.0,0.258,0.742,Wed Nov 29 03:56:08 +0000 2017
280,CBS,81,RT @victoriaa_POW: how does one become a vs angel overnight......asking for a friend #vsfashionshow,0.4939,0.225,0.0,0.775,Wed Nov 29 03:53:09 +0000 2017
281,CBS,82,RT @MzShortNSweet_: Guys it's almost done... I can notüò©üíÜüèæüíñüíïüòò‚ú® #VSFashionShow,0.0,0.0,0.0,1.0,Wed Nov 29 03:52:28 +0000 2017
282,CBS,83,Absolute goddess. #VSFashionShow https://t.co/cSCwwFltQW,0.0,0.0,0.0,1.0,Wed Nov 29 03:47:11 +0000 2017
283,CBS,84,FIERCE. #VSFashionShow https://t.co/VNlXH4Z3kJ,0.0,0.0,0.0,1.0,Wed Nov 29 03:45:32 +0000 2017
284,CBS,85,RT @__lowens: Is it just me or are the models this year EXTRA beautiful? #Diversity #VSFashionShow,0.5994,0.206,0.0,0.794,Wed Nov 29 03:42:10 +0000 2017
285,CBS,86,RT @Ceci20GS: Can‚Äôt believe this is @AngelAlessandra last walk üò≠#VSFashionShow,0.0,0.0,0.0,1.0,Wed Nov 29 03:39:21 +0000 2017
286,CBS,87,RT @JustHedyJ: All these ladies are so beautiful I love them all. #VSFashionShow,0.8878,0.486,0.0,0.514,Wed Nov 29 03:36:37 +0000 2017
287,CBS,88,üíñ #VSFashionShow https://t.co/Vs9sktkL8c,0.0,0.0,0.0,1.0,Wed Nov 29 03:34:35 +0000 2017
288,CBS,89,"It's not about how we fall, it's about how we get up. #VSFashionShow https://t.co/NCe08O8OjU",0.0,0.0,0.0,1.0,Wed Nov 29 03:26:10 +0000 2017
289,CBS,90,Runway ready! #VSFashionShow https://t.co/tUeJ2A6xRx,0.4199,0.482,0.0,0.518,Wed Nov 29 03:22:53 +0000 2017
290,CBS,91,RT @VictoriasSecret: That VOICE üò±! @leslieodomjr making us actually excited for ‚ùÑ. #VSFashionShow https://t.co/peaKzrveKi,0.4003,0.172,0.0,0.828,Wed Nov 29 03:22:27 +0000 2017
291,CBS,92,RT @SaraSampaio: It‚Äôs show time! Tune in now on cbs #vsfashionshow https://t.co/u75WfqCJr7,0.0,0.0,0.0,1.0,Wed Nov 29 03:20:56 +0000 2017
292,CBS,93,These Angels can do anything. üëä #VSFashionShow https://t.co/7vz0zSz6Yc,0.0,0.0,0.0,1.0,Wed Nov 29 03:18:45 +0000 2017
293,CBS,94,"RT @airfly111: IT'S MY FAVORITE NIGHT OF THE YEAR! #VSFashionShow
üôå‚ù§Ô∏è",0.6155,0.287,0.0,0.713,Wed Nov 29 03:16:50 +0000 2017
294,CBS,95,Porcelain perfection. üòò  #VSFashionShow https://t.co/XQe14ycc1j,0.5719,0.552,0.0,0.448,Wed Nov 29 03:11:29 +0000 2017
295,CBS,96,RT @EbtheCeleb: Saaaaannnngg Miguel #VSFashionShow,0.0,0.0,0.0,1.0,Wed Nov 29 03:10:51 +0000 2017
296,CBS,97,When you know you SLAYED your walk. #VSFashionShow https://t.co/ZXVwioihIP,0.0,0.0,0.0,1.0,Wed Nov 29 03:07:06 +0000 2017
297,CBS,98,.@Harry_Styles is killing it on stage right now. #VSFashionShow https://t.co/TtJHP1ZPOM,-0.6597,0.0,0.328,0.672,Wed Nov 29 03:04:59 +0000 2017
298,CBS,99,"Grab your bestie, it‚Äôs time for the #VSFashionShow! https://t.co/0lqrCDrsBA",0.0,0.0,0.0,1.0,Wed Nov 29 02:56:00 +0000 2017
299,CBS,100,This is what Tuesday night dreams are made of. Stay in with the #VSFashionShow tonight at 10/9c on CBS! Use code LE‚Ä¶ https://t.co/Gzp3guuj8A,0.4574,0.12,0.0,0.88,Wed Nov 29 02:53:04 +0000 2017
300,Fox News,1,".@TomiLahren on addressing sexual harassment: ""The best way to fight it is through the First Amendment. It's being‚Ä¶ https://t.co/CWwloc6LzV",-0.2263,0.16,0.232,0.608,Sun Dec 03 01:40:33 +0000 2017
301,Fox News,2,".@IngrahamAngle on Kate Steinle verdict: ""[@realDonaldTrump] ran on protecting Americans and legal immigrants from‚Ä¶ https://t.co/OUEHD7AbJt",0.2732,0.193,0.0,0.807,Sun Dec 03 01:23:15 +0000 2017
302,Fox News,3,".@jessebwatters: ""A country without laws and borders is not a country. But the Left is okay with that because open‚Ä¶ https://t.co/ngJc6w7MwF",0.2263,0.091,0.0,0.909,Sun Dec 03 01:20:46 +0000 2017
303,Fox News,4,#BoycottSanFrancisco takes off after Steinle case acquittal https://t.co/BXlSqLdf3s,0.0,0.0,0.0,1.0,Sun Dec 03 01:10:52 +0000 2017
304,Fox News,5,.@dbongino: GOP 'Damn Well Better' Finish Tax Reform 'Or This Party's Toast' https://t.co/KhEyWngNBV,0.3182,0.282,0.153,0.565,Sun Dec 03 00:57:02 +0000 2017
305,Fox News,6,"Mother's boyfriend arrested, charged in case of deceased North Carolina toddler, .@BryanLlenas reports.‚Ä¶ https://t.co/lmIsVXqd7D",-0.5994,0.0,0.29,0.71,Sun Dec 03 00:51:30 +0000 2017
306,Fox News,7,"Melissa Quinn on Robert Mueller's investigation: ""If @POTUS did go ahead and move to fire Mueller in the wake of th‚Ä¶ https://t.co/ZEikwadPdc",-0.34,0.0,0.103,0.897,Sun Dec 03 00:42:58 +0000 2017
307,Fox News,8,"Melissa Quinn on Michael Flynn: ""The one thing this charge against Flynn does show us is that it's going to be even‚Ä¶ https://t.co/0zOJM44I0w",0.0,0.0,0.0,1.0,Sun Dec 03 00:39:42 +0000 2017
308,Fox News,9,"Melissa Quinn on Michael Flynn: ""When you look at those who are closest to @POTUS both during the election and duri‚Ä¶ https://t.co/yY4yClCiSn",0.0,0.0,0.0,1.0,Sun Dec 03 00:36:34 +0000 2017
309,Fox News,10,"Remains of missing 3-year-old North Carolina girl found, authorities say https://t.co/MqOAAZmWRo",-0.296,0.0,0.18,0.82,Sun Dec 03 00:31:52 +0000 2017
310,Fox News,11,Trump's USDA Relaxes Obama-Era School Lunch Restrictions https://t.co/xmc5xGGqDe,0.3612,0.263,0.0,0.737,Sun Dec 03 00:22:59 +0000 2017
311,Fox News,12,".@POTUS praises GOP lawmakers after Senate passes tax bill, @Garrett_FoxNews reports. https://t.co/AN9FXSKYFp https://t.co/maCWNWeGcj",0.5267,0.221,0.0,0.779,Sun Dec 03 00:09:53 +0000 2017
312,Fox News,13,Mueller dismisses top FBI agent in Russia probe over possible anti-Trump texts https://t.co/n2lvGQheJ6,0.2023,0.13,0.0,0.87,Sun Dec 03 00:04:49 +0000 2017
313,Fox News,14,"GOP Senate survived two surprise, nor'easter-like storms to ultimately pass major tax reform https://t.co/YfQtDIMsWO",0.6597,0.31,0.0,0.69,Sun Dec 03 00:02:45 +0000 2017
314,Fox News,15,H.R. McMaster: Potential for war with North Korea increases ‚Äòevery day‚Äô https://t.co/BjpanJuikP,-0.5994,0.0,0.262,0.738,Sat Dec 02 23:58:46 +0000 2017
315,Fox News,16,"Dan Gillerman on Flynn guilty plea: ""I think instead of a plea bargain, Michael Flynn should actually get a medal.""‚Ä¶ https://t.co/SMTiHC1RbY",-0.25,0.083,0.13,0.787,Sat Dec 02 23:56:27 +0000 2017
316,Fox News,17,".@BretBaier: ""Can you explain how the CIA is ramping up operations against terrorism?"" 

Mike Pompeo: ""We work to c‚Ä¶ https://t.co/O7apHnWTa8",0.0,0.0,0.0,1.0,Sat Dec 02 23:47:12 +0000 2017
317,Fox News,18,"Hon. Leon Panetta on current world affairs: ""We're fighting a war on terrorism, we've got failed states in the Midd‚Ä¶ https://t.co/l3TycLzkO0",-0.936,0.0,0.472,0.528,Sat Dec 02 23:41:00 +0000 2017
318,Fox News,19,"Former CIA director Leon Panetta on current world affairs: ""I have never seen as many flash points in the world pro‚Ä¶ https://t.co/NyvsWJKxEv",0.0,0.0,0.0,1.0,Sat Dec 02 23:39:42 +0000 2017
319,Fox News,20,"CIA director Mike Pompeo: ""We couldn't do much of what we do in the intelligence community without an enormous comm‚Ä¶ https://t.co/StBsIUEd5e",0.4767,0.134,0.0,0.866,Sat Dec 02 23:37:40 +0000 2017
320,Fox News,21,".@TomiLahren on addressing sexual harassment: ""The best way to fight it is through the First Amendment. It's being‚Ä¶ https://t.co/CWwloc6LzV",-0.2263,0.16,0.232,0.608,Sun Dec 03 01:40:33 +0000 2017
321,Fox News,22,".@IngrahamAngle on Kate Steinle verdict: ""[@realDonaldTrump] ran on protecting Americans and legal immigrants from‚Ä¶ https://t.co/OUEHD7AbJt",0.2732,0.193,0.0,0.807,Sun Dec 03 01:23:15 +0000 2017
322,Fox News,23,".@jessebwatters: ""A country without laws and borders is not a country. But the Left is okay with that because open‚Ä¶ https://t.co/ngJc6w7MwF",0.2263,0.091,0.0,0.909,Sun Dec 03 01:20:46 +0000 2017
323,Fox News,24,#BoycottSanFrancisco takes off after Steinle case acquittal https://t.co/BXlSqLdf3s,0.0,0.0,0.0,1.0,Sun Dec 03 01:10:52 +0000 2017
324,Fox News,25,.@dbongino: GOP 'Damn Well Better' Finish Tax Reform 'Or This Party's Toast' https://t.co/KhEyWngNBV,0.3182,0.282,0.153,0.565,Sun Dec 03 00:57:02 +0000 2017
325,Fox News,26,"Mother's boyfriend arrested, charged in case of deceased North Carolina toddler, .@BryanLlenas reports.‚Ä¶ https://t.co/lmIsVXqd7D",-0.5994,0.0,0.29,0.71,Sun Dec 03 00:51:30 +0000 2017
326,Fox News,27,"Melissa Quinn on Robert Mueller's investigation: ""If @POTUS did go ahead and move to fire Mueller in the wake of th‚Ä¶ https://t.co/ZEikwadPdc",-0.34,0.0,0.103,0.897,Sun Dec 03 00:42:58 +0000 2017
327,Fox News,28,"Melissa Quinn on Michael Flynn: ""The one thing this charge against Flynn does show us is that it's going to be even‚Ä¶ https://t.co/0zOJM44I0w",0.0,0.0,0.0,1.0,Sun Dec 03 00:39:42 +0000 2017
328,Fox News,29,"Melissa Quinn on Michael Flynn: ""When you look at those who are closest to @POTUS both during the election and duri‚Ä¶ https://t.co/yY4yClCiSn",0.0,0.0,0.0,1.0,Sun Dec 03 00:36:34 +0000 2017
329,Fox News,30,"Remains of missing 3-year-old North Carolina girl found, authorities say https://t.co/MqOAAZmWRo",-0.296,0.0,0.18,0.82,Sun Dec 03 00:31:52 +0000 2017
330,Fox News,31,Trump's USDA Relaxes Obama-Era School Lunch Restrictions https://t.co/xmc5xGGqDe,0.3612,0.263,0.0,0.737,Sun Dec 03 00:22:59 +0000 2017
331,Fox News,32,".@POTUS praises GOP lawmakers after Senate passes tax bill, @Garrett_FoxNews reports. https://t.co/AN9FXSKYFp https://t.co/maCWNWeGcj",0.5267,0.221,0.0,0.779,Sun Dec 03 00:09:53 +0000 2017
332,Fox News,33,Mueller dismisses top FBI agent in Russia probe over possible anti-Trump texts https://t.co/n2lvGQheJ6,0.2023,0.13,0.0,0.87,Sun Dec 03 00:04:49 +0000 2017
333,Fox News,34,"GOP Senate survived two surprise, nor'easter-like storms to ultimately pass major tax reform https://t.co/YfQtDIMsWO",0.6597,0.31,0.0,0.69,Sun Dec 03 00:02:45 +0000 2017
334,Fox News,35,H.R. McMaster: Potential for war with North Korea increases ‚Äòevery day‚Äô https://t.co/BjpanJuikP,-0.5994,0.0,0.262,0.738,Sat Dec 02 23:58:46 +0000 2017
335,Fox News,36,"Dan Gillerman on Flynn guilty plea: ""I think instead of a plea bargain, Michael Flynn should actually get a medal.""‚Ä¶ https://t.co/SMTiHC1RbY",-0.25,0.083,0.13,0.787,Sat Dec 02 23:56:27 +0000 2017
336,Fox News,37,".@BretBaier: ""Can you explain how the CIA is ramping up operations against terrorism?"" 

Mike Pompeo: ""We work to c‚Ä¶ https://t.co/O7apHnWTa8",0.0,0.0,0.0,1.0,Sat Dec 02 23:47:12 +0000 2017
337,Fox News,38,"Hon. Leon Panetta on current world affairs: ""We're fighting a war on terrorism, we've got failed states in the Midd‚Ä¶ https://t.co/l3TycLzkO0",-0.936,0.0,0.472,0.528,Sat Dec 02 23:41:00 +0000 2017
338,Fox News,39,"Former CIA director Leon Panetta on current world affairs: ""I have never seen as many flash points in the world pro‚Ä¶ https://t.co/NyvsWJKxEv",0.0,0.0,0.0,1.0,Sat Dec 02 23:39:42 +0000 2017
339,Fox News,40,"CIA director Mike Pompeo: ""We couldn't do much of what we do in the intelligence community without an enormous comm‚Ä¶ https://t.co/StBsIUEd5e",0.4767,0.134,0.0,0.866,Sat Dec 02 23:37:40 +0000 2017
340,Fox News,41,.@bob_welch: 'A Christmas Carol' offers important lessons on how we should all be living today https://t.co/wDcmdLtCxC,0.2023,0.107,0.0,0.893,Sat Dec 02 23:30:07 +0000 2017
341,Fox News,42,"North Korean missile broke up on re-entry, US official says https://t.co/ZxwlIb3bAq",-0.4215,0.0,0.219,0.781,Sat Dec 02 23:22:59 +0000 2017
342,Fox News,43,U.S. markets since election. https://t.co/zSY3KbkOcT,0.0,0.0,0.0,1.0,Sat Dec 02 23:04:04 +0000 2017
343,Fox News,44,BREAKING: ABC News suspends Brian Ross over 'serious error' in Trump/Flynn report https://t.co/04nnEX2PT4,-0.4588,0.0,0.267,0.733,Sat Dec 02 23:01:19 +0000 2017
344,Fox News,45,"Florida teen who reportedly ran off with soccer coach found safe in New York, police say   https://t.co/EW42CGavy7",0.4404,0.153,0.0,0.847,Sat Dec 02 22:59:17 +0000 2017
345,Fox News,46,"Remains of missing Army veteran, dog found in shallow grave https://t.co/46QCIvCjZo",-0.5859,0.0,0.348,0.652,Sat Dec 02 22:46:58 +0000 2017
346,Fox News,47,"GOP Senate survived two surprise, nor'easter-like storms to ultimately pass major tax reform https://t.co/ge2X3Ivepy",0.6597,0.31,0.0,0.69,Sat Dec 02 22:41:26 +0000 2017
347,Fox News,48,"Moments ago on Twitter, President @realDonaldTrump paid homage to Rosa Parks, who, 62 years ago this week, refused‚Ä¶ https://t.co/cXkRs4ifOa",0.0,0.0,0.0,1.0,Sat Dec 02 22:31:16 +0000 2017
348,Fox News,49,President @realDonaldTrump is greeted with a salute upon arriving at @JFKairport in New York. https://t.co/BdBz52QILJ,0.2732,0.139,0.0,0.861,Sat Dec 02 22:29:05 +0000 2017
349,Fox News,50,"On @ffweekend, @SheriffClarke gave his take on the @NFL's reported plan to donate nearly $100 million to ""social ju‚Ä¶ https://t.co/oI9JPuj2Ft",0.0,0.0,0.0,1.0,Sat Dec 02 22:26:01 +0000 2017
350,Fox News,51,"Mueller dismisses top FBI agent in Russia probe over possible anti-Trump texts    
https://t.co/n2lvGQheJ6",0.2023,0.13,0.0,0.87,Sat Dec 02 22:17:26 +0000 2017
351,Fox News,52,.@NancyPelosi has called on Nevada Democratic @RepKihuen to resign following allegations of sexual harassment.‚Ä¶ https://t.co/yX9t5HmlEC,-0.34,0.0,0.146,0.854,Sat Dec 02 22:16:12 +0000 2017
352,Fox News,53,"On ""The Cost of Freedom,"" @RepDeSantis gave his take on allegations against the Trump campaign for colluding with R‚Ä¶ https://t.co/u6T1g1DvQV",-0.296,0.0,0.104,0.896,Sat Dec 02 22:12:02 +0000 2017
353,Fox News,54,"At the Reagan National Defense Forum, National Security Adviser H.R. McMaster shared his desire for unity.‚Ä¶ https://t.co/vfJmeGgTdt",0.7906,0.409,0.0,0.591,Sat Dec 02 22:08:05 +0000 2017
354,Fox News,55,"""The era of strategic patience is over.""

WATCH: H.R. McMaster's full remarks at #RNDF - Part 2. https://t.co/MH2MGejbF7",0.0,0.0,0.0,1.0,Sat Dec 02 22:05:03 +0000 2017
355,Fox News,56,"H.R. McMaster: ""[Ronald Reagan] secured our nation, helped bring down the Berlin Wall, and ensured that freedom and‚Ä¶ https://t.co/nVS6M4tIKk",0.7845,0.289,0.0,0.711,Sat Dec 02 22:00:07 +0000 2017
356,Fox News,57,WATCH: @BretBaier's full interview with National Security Adviser H.R. McMaster at #RNDF - Part 3. https://t.co/E1b7eHQCLQ,0.34,0.146,0.0,0.854,Sat Dec 02 21:52:14 +0000 2017
357,Fox News,58,WATCH: @BretBaier's full interview with National Security Adviser H.R. McMaster at #RNDF - Part 2. https://t.co/vMd3O42Tzx,0.34,0.146,0.0,0.854,Sat Dec 02 21:52:10 +0000 2017
358,Fox News,59,WATCH: @BretBaier's full interview with National Security Adviser H.R. McMaster at #RNDF - Part 1. https://t.co/k84HSXYz1z,0.34,0.146,0.0,0.854,Sat Dec 02 21:52:05 +0000 2017
359,Fox News,60,"On Twitter, @KamalaHarris slammed the tax reform bill that passed the Senate. https://t.co/yPerz691gx https://t.co/JaK8FOOn8m",0.0,0.0,0.0,1.0,Sat Dec 02 21:42:21 +0000 2017
360,Fox News,61,Moments ago: @POTUS arrives in Joint AFB Andrews. https://t.co/smQVv4e1Hu,0.0,0.0,0.0,1.0,Sat Dec 02 21:38:51 +0000 2017
361,Fox News,62,"H.R. McMaster: ""It would be great if every time we talk about what divides us, we also at least give equal time to‚Ä¶ https://t.co/xHziSN27R1",0.6249,0.151,0.0,0.849,Sat Dec 02 21:30:58 +0000 2017
362,Fox News,63,"H.R. McMaster: ""If we go to fight, it's not going to be a fair fight for any enemy who takes us on."" @BretBaier https://t.co/8cVWpUCVe9",-0.7506,0.077,0.29,0.633,Sat Dec 02 21:26:46 +0000 2017
363,Fox News,64,".@BretBaier: ""Why do you think there is no bipartisan urgency to significantly increase defense spending?""

H.R. Mc‚Ä¶ https://t.co/aYiuDaOohh",0.1531,0.181,0.105,0.714,Sat Dec 02 21:24:19 +0000 2017
364,Fox News,65,RT @EricShawnTV: I anchor @FoxNews starting at 5 pm ET: The case of #MichaelFlynn and #Israel. Fmr. Ambassador Dan Gillerman on the #UN vot‚Ä¶,0.0,0.0,0.0,1.0,Sat Dec 02 21:23:13 +0000 2017
365,Fox News,66,"H.R. McMaster: ""What the Iranians have done across the greater Middle East is fuel and accelerate these cycles of v‚Ä¶ https://t.co/tVEsaqN84s",0.3612,0.111,0.0,0.889,Sat Dec 02 21:22:17 +0000 2017
366,Fox News,67,".@BretBaier: ""Should Americans feel safe about going to the Winter Olympics in Seoul in February?""

H.R. McMaster:‚Ä¶ https://t.co/KUe6OVrMC1",0.4404,0.146,0.0,0.854,Sat Dec 02 21:18:10 +0000 2017
367,Fox News,68,"H.R. McMaster: ""South Korea and Japan are improving their defense capabilities at breakneck speed."" @BretBaier https://t.co/n2LtssrqVO",0.5106,0.235,0.0,0.765,Sat Dec 02 21:17:03 +0000 2017
368,Fox News,69,"H.R. McMaster: ""Kim Jong Un isn't particularly cordial to anyone."" @BretBaier https://t.co/pMlBZcYwag",0.0,0.0,0.0,1.0,Sat Dec 02 21:16:21 +0000 2017
369,Fox News,70,"H.R. McMaster: ""China recognizes that it does have tremendous coercive economic power over North Korea."" @BretBaier https://t.co/kWIHx69zXe",0.0,0.0,0.0,1.0,Sat Dec 02 21:14:59 +0000 2017
370,Fox News,71,".@BretBaier: ""Has the potential of war with North Korea increased with this latest launch?""

H.R. McMaster: ""I thin‚Ä¶ https://t.co/1vWClX5Zkh",-0.4215,0.091,0.17,0.739,Sat Dec 02 21:13:08 +0000 2017
371,Fox News,72,"H.R. McMaster: ""Every time [Kim Jong Un] conducts a missile launch, a nuclear test, he gets better."" @BretBaier https://t.co/GkhNx0fP3V",0.0,0.0,0.0,1.0,Sat Dec 02 21:12:22 +0000 2017
372,Fox News,73,"H.R. McMaster: ""The greatest immediate threat to the United States and to the world is the threat posed by the rogu‚Ä¶ https://t.co/iCnhAy4SxY",0.0516,0.22,0.214,0.566,Sat Dec 02 21:10:55 +0000 2017
373,Fox News,74,WATCH NOW: @BretBaier talks to National Security Adviser H.R. McMaster at #RNDF LIVE on Fox News Channel! https://t.co/d1LeUTu4DM,0.4003,0.137,0.0,0.863,Sat Dec 02 21:09:57 +0000 2017
374,Fox News,75,"H.R. McMaster: ""Confronting the security challenges of today will require us to reclaim our strategic confidence."" https://t.co/2F3sU9ow7S",0.2732,0.192,0.083,0.725,Sat Dec 02 21:07:04 +0000 2017
375,Fox News,76,"Jamiel Shaw Sr.: ""My son was murdered... He was shot dead by an illegal alien on his third gun charge."" https://t.co/H9C4U7wuu6",-0.8834,0.0,0.364,0.636,Sat Dec 02 21:07:02 +0000 2017
376,Fox News,77,"H.R. McMaster: ""The era of strategic patience is over."" https://t.co/CRTKMk0W8b",0.0,0.0,0.0,1.0,Sat Dec 02 21:04:50 +0000 2017
377,Fox News,78,"H.R. McMaster: ""We do not base national security decisions on rigid ideology but instead on our core national inter‚Ä¶ https://t.co/iWLkz73Cyz",-0.1945,0.0,0.133,0.867,Sat Dec 02 21:04:13 +0000 2017
378,Fox News,79,"H.R. McMaster: ""@POTUS will soon unveil the details of his new strategy, but I can tell you now that it will focus‚Ä¶ https://t.co/dEEil06hYP",0.0,0.0,0.0,1.0,Sat Dec 02 21:01:41 +0000 2017
379,Fox News,80,"H.R. McMaster: ""The rogue regimes of Iran and North Korea are violating the sovereignty of their neighbors, pursuin‚Ä¶ https://t.co/f6v7IGIgQF",-0.5423,0.0,0.163,0.837,Sat Dec 02 21:00:21 +0000 2017
380,Fox News,81,"H.R. McMaster: ""Reagan assertively declared that it was Communism that would lie on the ash-heap of history, not de‚Ä¶ https://t.co/CA97f6EpWo",0.0,0.0,0.0,1.0,Sat Dec 02 20:59:06 +0000 2017
381,Fox News,82,"H.R. McMaster: ""Our Founders believed that the greatest wisdom of our nation rests in the hearts and in the minds o‚Ä¶ https://t.co/xTZsiHd4OR",0.8225,0.275,0.0,0.725,Sat Dec 02 20:57:42 +0000 2017
382,Fox News,83,"H.R. McMaster: ""[Ronald Reagan] secured our nation, helped bring down the Berlin Wall, and ensured that freedom and‚Ä¶ https://t.co/p73aw6mhHX",0.7845,0.289,0.0,0.711,Sat Dec 02 20:55:59 +0000 2017
383,Fox News,84,Awaiting remarks from National Security Adviser H.R. McMaster at #RNDF. https://t.co/v9ex4nFBL1,0.34,0.194,0.0,0.806,Sat Dec 02 20:44:49 +0000 2017
384,Fox News,85,"RT @FoxBusiness: DIUx's Raj Shah: ""If you look at all venture deals in the United States in 2015, 12% had an investor from China. That's up‚Ä¶",0.4215,0.101,0.0,0.899,Sat Dec 02 20:44:09 +0000 2017
385,Fox News,86,"RT @FoxBusiness: .@AmbJohnBolton on China's access to U.S. tech: ""We are in an increasingly threatening international environment, that the‚Ä¶",-0.5267,0.0,0.159,0.841,Sat Dec 02 20:44:06 +0000 2017
386,Fox News,87,Trump's USDA Relaxes Obama-Era School Lunch Restrictions    https://t.co/xmc5xGGqDe,0.3612,0.263,0.0,0.737,Sat Dec 02 20:39:45 +0000 2017
387,Fox News,88,"TOMORROW on @NextRevFNC, @SteveHiltonx talks to @DarrellIssa - Tune in at 9p ET on Fox News Channel! https://t.co/vf9Eo9futN",0.0,0.0,0.0,1.0,Sat Dec 02 20:34:03 +0000 2017
388,Fox News,89,Trump laments Flynn's lies to FBI about Russia contacts: 'There was nothing to hide!' https://t.co/60j65Qqx2R,-0.68,0.0,0.301,0.699,Sat Dec 02 20:32:02 +0000 2017
389,Fox News,90,"Earlier today, President @realDonaldTrump tweeted about firing General Mike Flynn, and claimed his former National‚Ä¶ https://t.co/BBnGgFX0rn",-0.34,0.0,0.138,0.862,Sat Dec 02 20:25:01 +0000 2017
390,Fox News,91,".@SecAFOfficial: ""We are low on readiness... We need to restore the readiness of the Force so we can win any fight.‚Ä¶ https://t.co/EJA9nzBwV5",0.7322,0.291,0.074,0.635,Sat Dec 02 20:23:06 +0000 2017
391,Fox News,92,TODAY at 4p ET - @BretBaier talks to National Security Adviser H.R. McMaster at @Reagan_Library - For full live cov‚Ä¶ https://t.co/F2XG6AXGeW,0.34,0.118,0.0,0.882,Sat Dec 02 20:17:30 +0000 2017
392,Fox News,93,"Trump takes victory lap after Senate passes tax bill, calls it 'largest tax decrease ... by far' https://t.co/uL6UIuFW5P",0.0,0.0,0.0,1.0,Sat Dec 02 20:15:15 +0000 2017
393,Fox News,94,"Today on ""The Cost of Freedom,"" Florida @AGPamBondi reflected on what will happen next with the illegal immigrant w‚Ä¶ https://t.co/T8kuvjqBgv",-0.5574,0.0,0.159,0.841,Sat Dec 02 20:08:51 +0000 2017
394,Fox News,95,"Earlier, President @realDonaldTrump tweeted about firing General Mike Flynn, and claimed his former National Securi‚Ä¶ https://t.co/a8S40Y1XVx",-0.34,0.0,0.138,0.862,Sat Dec 02 20:01:29 +0000 2017
395,Fox News,96,RT @FoxBusiness: L3 Technologies Michael Strianese when asked 'Does Wall St. factor the risk of the current and future critical workforce s‚Ä¶,-0.5267,0.0,0.18,0.82,Sat Dec 02 19:56:33 +0000 2017
396,Fox News,97,Satellite photos show North Korea apparently prepping to reuse launch site https://t.co/5mHAk9SvWN,0.0,0.0,0.0,1.0,Sat Dec 02 19:53:14 +0000 2017
397,Fox News,98,"At a event with President @realDonaldTrump in New York City, @GOPChairwoman touted the @GOPs massive fundraising su‚Ä¶ https://t.co/L6YO8ayVcj",-0.0516,0.0,0.07,0.93,Sat Dec 02 19:46:14 +0000 2017
398,Fox News,99,"Trump's USDA Relaxes Obama-Era School Lunch Restrictions
https://t.co/xmc5xGGqDe",0.3612,0.263,0.0,0.737,Sat Dec 02 19:38:29 +0000 2017
399,Fox News,100,RT @FoxBusiness: .@jpmorgan Exec. Dir. Michael Leskinen explains how defense companies have been impacted by Donald Trump‚Äôs victory during‚Ä¶,0.128,0.077,0.0,0.923,Sat Dec 02 19:38:27 +0000 2017
400,The New York Times,1,"Senators received the nearly 500-page tax bill containing major changes hours before the vote, prompting anger from‚Ä¶ https://t.co/eG17HzqD3S",-0.5719,0.0,0.179,0.821,Sun Dec 03 01:36:04 +0000 2017
401,The New York Times,2,Met Opera to Investigate James Levine Over Sexual Abuse Accusation https://t.co/U9CL60tTn4,-0.7351,0.0,0.408,0.592,Sun Dec 03 01:30:02 +0000 2017
402,The New York Times,3,"Tax Bill Offers Last-Minute Breaks for Developers, Banks and Oil Industry https://t.co/hWyDLgB9ah",0.0,0.0,0.0,1.0,Sun Dec 03 01:16:46 +0000 2017
403,The New York Times,4,"Elon Musk has turned on the world's biggest battery, capable of powering 30,000 homes in South Australia https://t.co/WNf2UwTliJ",0.3818,0.133,0.0,0.867,Sun Dec 03 01:09:58 +0000 2017
404,The New York Times,5,Opinion: The Starving Lands https://t.co/g2zzoVov88,-0.4215,0.0,0.412,0.588,Sun Dec 03 00:48:31 +0000 2017
405,The New York Times,6,"Prince Harry designed the engagement ring which includes two diamonds from his mother, Princess Diana https://t.co/0jSPpAcS6u",0.4588,0.167,0.0,0.833,Sun Dec 03 00:44:42 +0000 2017
406,The New York Times,7,Updated timeline: What we now know about Michael Flynn‚Äôs phone calls with Russia https://t.co/NZj8OIEFBe,0.0,0.0,0.0,1.0,Sun Dec 03 00:27:38 +0000 2017
407,The New York Times,8,Many of the last-minute changes in the tax bill were meant to convince a handful of holdout GOP senators https://t.co/o36TxVg7ai,0.25,0.1,0.0,0.9,Sun Dec 03 00:00:11 +0000 2017
408,The New York Times,9,"As Roy Moore denies claims of sexual misconduct, he has vilified Gloria Allred, the lawyer representing an accuser https://t.co/jQ4MiwVYvz",-0.4215,0.0,0.135,0.865,Sat Dec 02 23:46:02 +0000 2017
409,The New York Times,10,"Sarah Ward and Jonathan Rupp married on a farm in Georgia. One of her horses, Bling Bling, was their ringbearer. https://t.co/VUfCVuAEFF",0.0,0.0,0.0,1.0,Sat Dec 02 23:36:09 +0000 2017
410,The New York Times,11,"ABC News has suspended Brian Ross for 4 weeks over ""a serious error"" in a report about Trump and Michael Flynn https://t.co/5x1CwYwx5U",-0.7269,0.0,0.295,0.705,Sat Dec 02 23:26:05 +0000 2017
411,The New York Times,12,"Before the draw for the 2018 World Cup, Russia's deputy prime minister fended off questions about doping https://t.co/cohnqCfoRr",0.0,0.0,0.0,1.0,Sat Dec 02 23:16:04 +0000 2017
412,The New York Times,13,We scoured the internet for political writing from the right and left on reactions to Michael Flynn‚Äôs guilty plea https://t.co/4fGnleO05z,-0.4215,0.0,0.128,0.872,Sat Dec 02 23:06:06 +0000 2017
413,The New York Times,14,RT @nytmike: Emails we obtained from inside the Trump transition team show just how much Trump‚Äôs aides were concerned about sanctions on De‚Ä¶,0.0,0.0,0.0,1.0,Sat Dec 02 22:56:03 +0000 2017
414,The New York Times,15,The College Football Playoff picture is taking shape with 4 conference championship games. Live updates: https://t.co/bK1HGUieUH,0.4404,0.172,0.0,0.828,Sat Dec 02 22:46:01 +0000 2017
415,The New York Times,16,"Despite differences, the House and Senate versions of the Republican tax bill share many core elements https://t.co/rtCJzLTjQl",0.296,0.121,0.0,0.879,Sat Dec 02 22:36:01 +0000 2017
416,The New York Times,17,Our 25 most popular recipes of 2017 https://t.co/h4upEQNgMC https://t.co/RZoVYOCUIo,0.4754,0.279,0.0,0.721,Sat Dec 02 22:26:05 +0000 2017
417,The New York Times,18,"Fed-up straphangers are embracing the East River Ferry, and real-estate developers are taking notice https://t.co/PhZMQc83S6",0.0,0.0,0.0,1.0,Sat Dec 02 22:16:02 +0000 2017
418,The New York Times,19,"Even in a whirlwind presidency, it has been a dizzying span of hours for the Trump administration https://t.co/YRpHM57bPE",0.0,0.0,0.0,1.0,Sat Dec 02 22:06:06 +0000 2017
419,The New York Times,20,Senator Bob Corker of Tennessee was the only Republican to vote no to the GOP tax bill. See how each senator voted. https://t.co/N5C1aa1XOP,-0.296,0.0,0.091,0.909,Sat Dec 02 21:56:02 +0000 2017
420,The New York Times,21,"Senators received the nearly 500-page tax bill containing major changes hours before the vote, prompting anger from‚Ä¶ https://t.co/eG17HzqD3S",-0.5719,0.0,0.179,0.821,Sun Dec 03 01:36:04 +0000 2017
421,The New York Times,22,Met Opera to Investigate James Levine Over Sexual Abuse Accusation https://t.co/U9CL60tTn4,-0.7351,0.0,0.408,0.592,Sun Dec 03 01:30:02 +0000 2017
422,The New York Times,23,"Tax Bill Offers Last-Minute Breaks for Developers, Banks and Oil Industry https://t.co/hWyDLgB9ah",0.0,0.0,0.0,1.0,Sun Dec 03 01:16:46 +0000 2017
423,The New York Times,24,"Elon Musk has turned on the world's biggest battery, capable of powering 30,000 homes in South Australia https://t.co/WNf2UwTliJ",0.3818,0.133,0.0,0.867,Sun Dec 03 01:09:58 +0000 2017
424,The New York Times,25,Opinion: The Starving Lands https://t.co/g2zzoVov88,-0.4215,0.0,0.412,0.588,Sun Dec 03 00:48:31 +0000 2017
425,The New York Times,26,"Prince Harry designed the engagement ring which includes two diamonds from his mother, Princess Diana https://t.co/0jSPpAcS6u",0.4588,0.167,0.0,0.833,Sun Dec 03 00:44:42 +0000 2017
426,The New York Times,27,Updated timeline: What we now know about Michael Flynn‚Äôs phone calls with Russia https://t.co/NZj8OIEFBe,0.0,0.0,0.0,1.0,Sun Dec 03 00:27:38 +0000 2017
427,The New York Times,28,Many of the last-minute changes in the tax bill were meant to convince a handful of holdout GOP senators https://t.co/o36TxVg7ai,0.25,0.1,0.0,0.9,Sun Dec 03 00:00:11 +0000 2017
428,The New York Times,29,"As Roy Moore denies claims of sexual misconduct, he has vilified Gloria Allred, the lawyer representing an accuser https://t.co/jQ4MiwVYvz",-0.4215,0.0,0.135,0.865,Sat Dec 02 23:46:02 +0000 2017
429,The New York Times,30,"Sarah Ward and Jonathan Rupp married on a farm in Georgia. One of her horses, Bling Bling, was their ringbearer. https://t.co/VUfCVuAEFF",0.0,0.0,0.0,1.0,Sat Dec 02 23:36:09 +0000 2017
430,The New York Times,31,"ABC News has suspended Brian Ross for 4 weeks over ""a serious error"" in a report about Trump and Michael Flynn https://t.co/5x1CwYwx5U",-0.7269,0.0,0.295,0.705,Sat Dec 02 23:26:05 +0000 2017
431,The New York Times,32,"Before the draw for the 2018 World Cup, Russia's deputy prime minister fended off questions about doping https://t.co/cohnqCfoRr",0.0,0.0,0.0,1.0,Sat Dec 02 23:16:04 +0000 2017
432,The New York Times,33,We scoured the internet for political writing from the right and left on reactions to Michael Flynn‚Äôs guilty plea https://t.co/4fGnleO05z,-0.4215,0.0,0.128,0.872,Sat Dec 02 23:06:06 +0000 2017
433,The New York Times,34,RT @nytmike: Emails we obtained from inside the Trump transition team show just how much Trump‚Äôs aides were concerned about sanctions on De‚Ä¶,0.0,0.0,0.0,1.0,Sat Dec 02 22:56:03 +0000 2017
434,The New York Times,35,The College Football Playoff picture is taking shape with 4 conference championship games. Live updates: https://t.co/bK1HGUieUH,0.4404,0.172,0.0,0.828,Sat Dec 02 22:46:01 +0000 2017
435,The New York Times,36,"Despite differences, the House and Senate versions of the Republican tax bill share many core elements https://t.co/rtCJzLTjQl",0.296,0.121,0.0,0.879,Sat Dec 02 22:36:01 +0000 2017
436,The New York Times,37,Our 25 most popular recipes of 2017 https://t.co/h4upEQNgMC https://t.co/RZoVYOCUIo,0.4754,0.279,0.0,0.721,Sat Dec 02 22:26:05 +0000 2017
437,The New York Times,38,"Fed-up straphangers are embracing the East River Ferry, and real-estate developers are taking notice https://t.co/PhZMQc83S6",0.0,0.0,0.0,1.0,Sat Dec 02 22:16:02 +0000 2017
438,The New York Times,39,"Even in a whirlwind presidency, it has been a dizzying span of hours for the Trump administration https://t.co/YRpHM57bPE",0.0,0.0,0.0,1.0,Sat Dec 02 22:06:06 +0000 2017
439,The New York Times,40,Senator Bob Corker of Tennessee was the only Republican to vote no to the GOP tax bill. See how each senator voted. https://t.co/N5C1aa1XOP,-0.296,0.0,0.091,0.909,Sat Dec 02 21:56:02 +0000 2017
440,The New York Times,41,"For the first time in the U.S., a woman who had a uterus transplant has given birth https://t.co/ayAsK0gv1S",0.0,0.0,0.0,1.0,Sat Dec 02 21:46:03 +0000 2017
441,The New York Times,42,"Claims of sexual misconduct grip Spelman and Morehouse, 2 historically black schools linked by history and geography https://t.co/477zhci04t",0.0,0.0,0.0,1.0,Sat Dec 02 21:36:01 +0000 2017
442,The New York Times,43,Here are excerpts from Michael Flynn's court documents and what they mean https://t.co/3l6nKp0jdx,0.0,0.0,0.0,1.0,Sat Dec 02 21:26:06 +0000 2017
443,The New York Times,44,Emails from Trump officials dispute the White House's claim that Michael Flynn went rogue with his Russia contacts https://t.co/spUYfpdV2O,-0.4019,0.0,0.13,0.87,Sat Dec 02 21:15:09 +0000 2017
444,The New York Times,45,Opinion: The racial biases associated with AI terrifies this mother of 2 young children https://t.co/ZqNyplyLqu,-0.5574,0.0,0.217,0.783,Sat Dec 02 20:59:06 +0000 2017
445,The New York Times,46,The first test of Prince Harry and Meghan Markle's fairy-tale romance? A British citizenship exam. Could you ace it? https://t.co/KRkAfS1TN0,0.6072,0.18,0.0,0.82,Sat Dec 02 20:41:04 +0000 2017
446,The New York Times,47,"A memo. An executive visit to ""NBC Nightly News."" NBC News does in-house damage control after firing Matt Lauer. https://t.co/9XY3tfam3H",-0.6808,0.0,0.248,0.752,Sat Dec 02 20:26:05 +0000 2017
447,The New York Times,48,The Republican tax plan could mean leaving government leaner and the safety net skimpier for millions of Americans https://t.co/36UUE8zWFe,0.4215,0.135,0.0,0.865,Sat Dec 02 20:11:04 +0000 2017
448,The New York Times,49,‚ÄúEverybody‚Äôs bawling.‚Äù A girls basketball team run by a juvenile court ended its losing streak at 312 games. https://t.co/qW9oqSiwFS,-0.3818,0.0,0.14,0.86,Sat Dec 02 19:56:02 +0000 2017
449,The New York Times,50,"President Trump tweeted that he fired Michael Flynn ‚Äúbecause he lied to the vice president and the FBI"" https://t.co/SX6CRM1WmT",-0.7351,0.0,0.267,0.733,Sat Dec 02 19:41:03 +0000 2017
450,The New York Times,51,RT @nytvideo: Is it ever O.K. to joke about rape? We asked female comedians how stand-up is changing in the post-Weinstein era. https://t.c‚Ä¶,-0.3182,0.151,0.162,0.687,Sat Dec 02 19:31:02 +0000 2017
451,The New York Times,52,"Like other Washington traditions that Trump has disrupted, the White House holiday party was no exception https://t.co/zgbV5bwMUB",0.6908,0.342,0.095,0.563,Sat Dec 02 19:21:03 +0000 2017
452,The New York Times,53,See how your senator voted on the GOP tax bill https://t.co/A9FtgXCn1b,0.0,0.0,0.0,1.0,Sat Dec 02 19:06:06 +0000 2017
453,The New York Times,54,"RT @nytmike: A rare public statement on the record from the Special Counsel's office to the media: ""Immediately upon learning of the allega‚Ä¶",0.4019,0.114,0.0,0.886,Sat Dec 02 18:56:04 +0000 2017
454,The New York Times,55,Opinion: Who might now be swept up in the investigation? The next obvious candidate is Jared Kushner. https://t.co/WIdbiyoXM6,0.0,0.0,0.0,1.0,Sat Dec 02 18:46:02 +0000 2017
455,The New York Times,56,Most Britons find the British citizenship test almost impossible to pass. Will Meghan Markle ace it? https://t.co/5LkIy5gvey,0.0,0.0,0.0,1.0,Sat Dec 02 18:36:01 +0000 2017
456,The New York Times,57,"According to the government of Myanmar, the Rohingya do not exist. How?
 https://t.co/oSMMdu6Gys",0.0,0.0,0.0,1.0,Sat Dec 02 18:21:05 +0000 2017
457,The New York Times,58,"The definitive French dishes that every modern cook should master https://t.co/WxvnqvGlT7

@SamSifton, @nytfood edi‚Ä¶ https://t.co/Cl6n0ZtCYY",0.0,0.0,0.0,1.0,Sat Dec 02 18:06:05 +0000 2017
458,The New York Times,59,"In a big win for President Trump, the Senate passed its tax plan. It now must be reconciled with the House version. https://t.co/J4DsgU571z",0.5859,0.153,0.0,0.847,Sat Dec 02 17:56:05 +0000 2017
459,The New York Times,60,"The agent, Peter Strzok, was reassigned this summer from Robert Mueller‚Äôs investigation to the FBI's human resources department",0.0,0.0,0.0,1.0,Sat Dec 02 17:46:01 +0000 2017
460,The New York Times,61,This lentil soup will keep you warm all winter long https://t.co/P60FkbL2Gi,0.2263,0.16,0.0,0.84,Sat Dec 02 17:36:07 +0000 2017
461,The New York Times,62,Trump's team hopes that the tax plan may resonate more powerfully with the public than the news of Michael Flynn https://t.co/Dzzv2C5Yl4,0.4215,0.123,0.0,0.877,Sat Dec 02 17:21:03 +0000 2017
462,The New York Times,63,"Step onto the Great Wall of China, one of the new Seven Wonders of the World, in 360¬∞ video https://t.co/TeONS93k8A",0.6249,0.177,0.0,0.823,Sat Dec 02 17:07:36 +0000 2017
463,The New York Times,64,The FBI agent was cut from the Russia inquiry over possible anti-Trump political views expressed in text messages https://t.co/F3X2GmgDiF,-0.2732,0.0,0.104,0.896,Sat Dec 02 16:51:10 +0000 2017
464,The New York Times,65,Breaking News: An FBI agent was removed after questions about whether he expressed anti-Trump political views https://t.co/2pV8jcLaXY,0.0,0.0,0.0,1.0,Sat Dec 02 16:48:14 +0000 2017
465,The New York Times,66,"""I want you to take a look at this, folks. This is your government at work,"" said Senator Jon Tester, Democrat of M‚Ä¶ https://t.co/vpCb0tR9VV",0.0772,0.056,0.0,0.944,Sat Dec 02 16:41:04 +0000 2017
466,The New York Times,67,Opinion: She wanted to get sterilized. Her doctor refused. https://t.co/fEorL3z3S9,-0.296,0.0,0.196,0.804,Sat Dec 02 16:26:06 +0000 2017
467,The New York Times,68,Members of Mexico‚Äôs landmark anti-corruption drive say the government has thwarted them from making serious headway https://t.co/wtf7r9BJOr,-0.0258,0.073,0.136,0.791,Sat Dec 02 16:11:06 +0000 2017
468,The New York Times,69,Novelist Emma Cline had a banner 2016. But a lawsuit by a former boyfriend has overshadowed that success. https://t.co/7lWZNtz43U,0.4215,0.189,0.097,0.714,Sat Dec 02 15:56:02 +0000 2017
469,The New York Times,70,How Ireland Moved to the Left: ‚ÄòThe Demise of the Church‚Äô https://t.co/7aweHoRh5T,0.0,0.0,0.0,1.0,Sat Dec 02 15:48:27 +0000 2017
470,The New York Times,71,"With the passage of a Senate tax plan, Republicans are close to a big victory. But will it help them politically? https://t.co/KInO87k6Xq",0.4019,0.124,0.0,0.876,Sat Dec 02 15:41:02 +0000 2017
471,The New York Times,72,"The U.S. Senate passed the most sweeping tax rewrite in decades. The new Republican tax plan affects families, smal‚Ä¶ https://t.co/6Jrs41sVbz",0.0,0.0,0.0,1.0,Sat Dec 02 15:26:01 +0000 2017
472,The New York Times,73,"Who gains from the U.S. Republican tax plan? Two economists, one from each side of the debate, make their cases. https://t.co/SX0F84ETVN",0.34,0.107,0.0,0.893,Sat Dec 02 15:12:04 +0000 2017
473,The New York Times,74,"Some colleges have more students from the top 1% than the bottom 60. Find yours. https://t.co/coxMm43wI6 

This was‚Ä¶ https://t.co/yeeDxmUf9B",0.2023,0.091,0.0,0.909,Sat Dec 02 15:02:01 +0000 2017
474,The New York Times,75,Updated timeline: What we now know about Michael Flynn‚Äôs phone calls with Russia https://t.co/u5HLzR0SAh,0.0,0.0,0.0,1.0,Sat Dec 02 14:41:01 +0000 2017
475,The New York Times,76,"""Everyone else in the family has my husband‚Äôs last name and brown eyes. Even a toddler could tell I was an outsider‚Ä¶ https://t.co/EIvAVlMheY",0.0,0.0,0.0,1.0,Sat Dec 02 14:21:01 +0000 2017
476,The New York Times,77,"Jay-Z in an interview with executive editor Dean Baquet: ""The strongest thing a man can do is cry.""‚Ä¶ https://t.co/EsAyn24IEf",0.4404,0.146,0.0,0.854,Sat Dec 02 14:01:08 +0000 2017
477,The New York Times,78,"RT @nytopinion: The Senate tax bill is expected to add more than $1.4 trillion to the federal deficit, a debt that will be paid by the poor‚Ä¶",-0.6369,0.0,0.178,0.822,Sat Dec 02 13:41:05 +0000 2017
478,The New York Times,79,Opinion: 10 key takeaways from Michael Flynn‚Äôs guilty plea https://t.co/8pQvqNJx3L,-0.4215,0.0,0.237,0.763,Sat Dec 02 13:21:02 +0000 2017
479,The New York Times,80,Here's how each senator voted on the Republican tax bill https://t.co/zDHX5KEsOI,0.0,0.0,0.0,1.0,Sat Dec 02 13:02:06 +0000 2017
480,The New York Times,81,The 10 best books of 2017 https://t.co/949YQcMnnm,0.6369,0.412,0.0,0.588,Sat Dec 02 12:41:02 +0000 2017
481,The New York Times,82,These documents raise new questions about what then President-elect Trump knew about Michael Flynn‚Äôs conversations https://t.co/R3E14fyzuK,0.0,0.0,0.0,1.0,Sat Dec 02 12:21:04 +0000 2017
482,The New York Times,83,"RT @nytpolitics: The Senate passed the most sweeping tax overhaul in decades, a big win for President Trump. It now must be reconciled with‚Ä¶",0.5859,0.147,0.0,0.853,Sat Dec 02 12:02:07 +0000 2017
483,The New York Times,84,Scallops see their world with hundreds of eyes ‚Äî and each one is amazing https://t.co/B9g4g1vimR,0.5859,0.226,0.0,0.774,Sat Dec 02 11:39:48 +0000 2017
484,The New York Times,85,A reporter returns to Ohio to discuss the challenges of teaching climate change https://t.co/RmvKHmr2JT,0.0772,0.098,0.0,0.902,Sat Dec 02 11:20:31 +0000 2017
485,The New York Times,86,"Experience the new Seven Wonders of the World, in 360¬∞ video https://t.co/FwHMgXhOER",0.0,0.0,0.0,1.0,Sat Dec 02 11:00:42 +0000 2017
486,The New York Times,87,The Getaway: Sending Out an SOS: The Rise of Travel Security Apps https://t.co/YRLNLWH6S0,0.34,0.167,0.0,0.833,Sat Dec 02 10:42:53 +0000 2017
487,The New York Times,88,Wine School: Your Next Lesson: Amontillado https://t.co/5q5Tb9fAzh,0.0,0.0,0.0,1.0,Sat Dec 02 10:39:48 +0000 2017
488,The New York Times,89,"RT @AKannapell: What We‚Äôre Reading: great work by @ProPublica @CBCRadioCanada @scrawford @connpost and more, via @AnnaDubenko @jessemckinle‚Ä¶",0.6249,0.204,0.0,0.796,Sat Dec 02 10:38:05 +0000 2017
489,The New York Times,90,Bali Volcano Evacuees Sneak Back into Danger Zone https://t.co/bGIULl4VNU,-0.5267,0.0,0.298,0.702,Sat Dec 02 10:36:37 +0000 2017
490,The New York Times,91,"RT @nytopinion: The votes for the bill by Susan Collins, John McCain and Jeff Flake were particularly disheartening. https://t.co/bzu0P5CQzu",-0.4754,0.0,0.147,0.853,Sat Dec 02 10:19:21 +0000 2017
491,The New York Times,92,Ban on Teflon Chemical Tied to Fewer Low-Weight Babies https://t.co/tSrBmmRLVa,-0.5574,0.0,0.286,0.714,Sat Dec 02 10:02:13 +0000 2017
492,The New York Times,93,Honduras Declares Curfew as Protests Over Vote Count Continue https://t.co/1MnX9ejPWd,-0.2263,0.0,0.174,0.826,Sat Dec 02 09:48:42 +0000 2017
493,The New York Times,94,How 41 people in Lithuania took over your Facebook feed https://t.co/PhMNyYOq6p,0.0,0.0,0.0,1.0,Sat Dec 02 09:30:39 +0000 2017
494,The New York Times,95,"Two Englishmen took a shared love of boat life and books, and turned it into London's quirkiest bookstore https://t.co/MGmQvmnQM6",0.765,0.292,0.0,0.708,Sat Dec 02 09:11:02 +0000 2017
495,The New York Times,96,A war criminal‚Äôs apparent suicide in court leaves a tribunal with one last mystery: How did he do it? https://t.co/r13etdD1td,-0.8555,0.0,0.344,0.656,Sat Dec 02 08:44:20 +0000 2017
496,The New York Times,97,Here are excerpts from Michael Flynn's court documents and what they mean https://t.co/S6lzBaX8CZ,0.0,0.0,0.0,1.0,Sat Dec 02 08:24:32 +0000 2017
497,The New York Times,98,"Mexico‚Äôs Government Is Blocking Its Own Anti-Corruption Drive, Commissioners Say https://t.co/TgIqGltUOJ",-0.3818,0.0,0.206,0.794,Sat Dec 02 08:05:54 +0000 2017
498,The New York Times,99,Playlist: The Playlist: The Hold Steady Get Revved Up and 9 More New Songs https://t.co/119ZBQFLHL,0.0,0.0,0.0,1.0,Sat Dec 02 08:02:21 +0000 2017
499,The New York Times,100,A bacterium that lives in the mouth is also hiding in cancer cells ‚Äì and making scientists increasingly uneasy https://t.co/S8gZWqSYrI,-0.8481,0.0,0.38,0.62,Sat Dec 02 07:53:35 +0000 2017
